-- Specifies which database to use for the remainder of statements in the script
USE `droneportation`;

-- Empties the table first so anything existing is cleared out before inserting new database
-- Only needed if the intent is to replace everything in the table
TRUNCATE `package`;

-- Add new records to the table
INSERT INTO `package` (PackageID, Length, Width, Height, Weight) 
 VALUES (1,14.00,4.70,13.70,28.20),(2,19.60,5.00,9.60,27.10),(3,17.60,5.40,6.10,24.20),(4,12.30,11.10,12.10,48.10),(5,26.80,4.60,10.70,25.00),(6,16.30,10.30,8.70,42.70),(7,21.70,3.10,11.70,24.10),(8,25.90,3.80,15.90,26.30),(9,18.50,4.30,12.90,28.70),(10,35.70,3.60,15.10,29.20),(11,21.00,5.80,18.00,25.00),(12,15.10,4.70,12.40,27.20),(13,11.40,11.40,6.80,38.90),(14,21.70,5.20,8.20,29.70),(15,21.00,6.30,18.90,48.70),(16,24.00,3.10,11.00,27.20),(17,17.00,4.00,14.80,27.00),(18,17.00,11.50,5.80,48.20),(19,24.60,5.50,9.50,24.00),(20,16.80,7.50,10.60,33.90),(21,31.10,6.70,10.30,55.30),(22,15.80,6.40,12.50,37.50),(23,16.90,5.20,10.20,33.10),(24,19.60,5.30,15.70,36.70),(25,18.80,3.40,17.00,24.30),(26,15.30,6.30,5.20,34.30),(27,12.40,11.40,10.10,58.30),(28,31.40,8.90,15.50,50.00),(29,24.40,10.10,9.00,48.70),(30,18.90,7.80,7.00,38.60),(31,14.20,5.20,10.20,34.40),(32,42.10,6.10,16.90,49.20),(33,14.70,3.70,11.20,26.10),(34,20.10,5.50,11.10,25.60),(35,33.90,5.40,10.60,32.20),(36,12.90,5.70,8.90,24.10),(37,12.30,10.80,8.80,52.50),(38,8.20,8.70,4.00,53.10),(39,7.50,10.00,2.60,53.50),(40,24.10,4.90,8.00,25.40),(41,14.00,7.50,12.30,34.40),(42,16.60,5.90,12.80,39.30),(43,23.60,4.10,9.40,38.80),(44,18.80,5.70,9.70,31.00),(45,17.50,11.50,10.70,53.50),(46,19.70,4.60,8.90,36.30),(47,23.70,7.20,13.10,38.70),(48,7.60,5.70,5.00,35.30),(49,33.70,8.70,14.90,59.90),(50,26.00,4.40,16.30,29.20),(51,15.20,5.90,12.20,29.40),(52,20.10,7.90,7.10,33.50),(53,20.30,3.80,11.90,27.90),(54,18.20,4.10,16.40,39.50),(55,21.40,4.80,8.70,32.90),(56,24.90,7.50,14.00,34.80),(57,24.20,5.20,8.50,28.00),(58,16.70,9.10,8.10,37.40),(59,24.00,7.70,14.10,53.60),(60,17.30,7.60,7.60,40.00),(61,15.30,5.30,11.40,27.40),(62,13.50,11.50,4.50,50.40),(63,30.90,7.20,11.40,53.50),(64,20.20,10.90,11.20,50.90),(65,27.50,4.10,21.00,39.60),(66,18.60,5.50,6.50,25.00),(67,16.20,5.80,14.10,36.00),(68,9.20,7.40,5.80,38.20),(69,18.60,6.10,6.10,30.90),(70,26.10,5.00,9.40,33.00),(71,18.30,11.20,6.50,50.60),(72,16.40,5.90,10.40,29.10),(73,15.30,7.90,9.90,34.10),(74,14.50,4.60,5.10,12.60),(75,20.30,5.60,9.30,35.90),(76,15.40,5.90,11.50,14.10),(77,28.20,7.90,9.10,38.40),(78,19.70,7.80,13.20,33.60),(79,30.80,4.40,10.60,29.00),(80,19.40,6.20,7.00,32.20),(81,23.10,5.70,11.30,26.70),(82,19.20,4.70,12.60,27.20),(83,17.60,5.70,12.50,27.30),(84,12.30,10.60,9.70,51.20),(85,30.90,6.80,11.70,57.40),(86,18.90,7.10,7.40,37.10),(87,20.20,9.10,9.10,59.60),(88,20.00,3.70,8.20,27.60),(89,19.00,7.00,14.70,37.50),(90,23.20,4.10,9.70,38.80),(91,29.00,4.60,16.70,28.60),(92,21.50,4.60,9.20,27.30),(93,36.40,5.00,13.40,33.90),(94,5.10,5.10,4.50,25.00),(95,32.80,9.50,10.60,49.40),(96,29.50,6.40,9.60,39.50),(97,4.60,9.90,4.40,57.10),(98,11.30,6.60,7.20,24.30),(99,25.60,4.60,7.90,25.80),(100,23.60,3.90,7.40,27.40),(101,21.80,6.80,7.50,39.70),(102,16.30,5.20,12.90,36.90),(103,21.80,7.60,13.00,35.60),(104,17.00,7.20,10.30,53.10),(105,29.60,5.10,14.10,36.20),(106,25.40,6.20,9.00,35.60),(107,12.30,5.90,6.50,17.10),(108,29.80,5.20,14.50,34.80),(109,16.90,9.20,8.20,56.00),(110,21.50,5.30,7.10,28.80),(111,14.60,5.80,10.10,38.40),(112,36.20,4.10,12.20,32.10),(113,21.20,4.60,11.20,25.50),(114,29.40,4.70,15.10,38.20),(115,18.30,6.80,10.50,35.30),(116,25.00,4.40,10.30,38.20),(117,29.30,6.00,12.00,54.20),(118,31.40,6.70,11.20,59.40),(119,5.00,5.40,2.00,18.80),(120,12.70,7.10,6.70,25.10),(121,13.40,4.50,9.80,24.70),(122,15.90,6.50,8.60,34.90),(123,25.00,11.30,8.60,57.50),(124,13.70,4.80,11.30,28.00),(125,16.90,6.80,6.60,34.80),(126,16.80,11.90,16.10,53.30),(127,28.00,4.20,15.40,29.00),(128,30.10,5.50,14.70,32.70),(129,25.70,6.70,9.30,35.00),(130,30.90,4.50,15.80,25.00),(131,14.10,5.70,11.60,34.40),(132,18.10,11.50,7.00,55.50),(133,6.70,6.30,5.10,49.10),(134,25.20,7.50,8.40,32.40),(135,21.10,20.50,15.20,114.30),(136,29.80,6.10,10.80,59.00),(137,21.00,4.70,9.20,28.70),(138,18.90,5.10,12.20,32.80),(139,29.90,4.70,13.80,34.10),(140,19.00,4.20,14.40,29.30),(141,24.10,5.50,18.50,37.30),(142,17.20,8.20,10.20,57.00),(143,33.40,3.90,10.90,29.40),(144,21.20,19.30,10.60,100.90),(145,13.20,6.90,5.20,59.10),(146,27.50,4.10,11.40,27.10),(147,24.30,4.90,14.60,36.50),(148,13.30,5.40,11.40,30.60),(149,16.30,7.00,7.90,39.20),(150,27.30,12.80,26.30,118.30),(151,16.20,23.60,9.50,87.30),(152,13.30,4.20,11.90,27.10),(153,41.10,15.30,13.20,113.50),(154,27.50,6.50,17.90,54.00),(155,12.00,22.80,10.10,107.40),(156,6.50,4.50,5.20,36.20),(157,25.40,4.10,9.80,38.90),(158,25.10,13.90,8.70,98.90),(159,17.50,7.00,7.70,38.80),(160,19.70,3.10,14.50,29.70),(161,19.80,11.20,7.70,58.00),(162,23.10,5.70,20.50,36.30),(163,27.20,7.10,14.00,33.70),(164,21.20,3.90,19.40,28.90),(165,18.50,9.90,7.70,58.80),(166,23.80,7.30,7.40,38.60),(167,24.50,6.50,10.60,36.00),(168,27.10,7.10,17.60,36.30),(169,23.20,7.20,7.70,51.70),(170,25.60,5.50,17.50,27.60),(171,13.40,5.30,8.60,25.70),(172,17.70,6.10,6.50,30.80),(173,16.00,19.70,9.60,117.40),(174,22.10,3.30,7.80,24.50),(175,22.80,15.20,10.80,118.90),(176,14.50,6.90,8.70,34.80),(177,16.70,18.60,10.90,108.10),(178,35.60,4.00,16.70,26.80),(179,27.10,4.20,26.70,32.50),(180,16.10,18.70,10.50,111.80),(181,20.40,17.80,7.10,117.90),(182,19.30,7.90,13.40,33.70),(183,18.90,8.60,7.70,56.40),(184,19.90,4.60,8.40,29.20),(185,25.90,4.40,13.60,34.00),(186,41.00,14.20,13.10,107.10),(187,18.80,7.00,10.10,54.30),(188,10.10,7.90,10.00,33.80),(189,36.00,18.50,12.50,113.20),(190,10.70,4.80,9.20,37.40),(191,10.10,22.00,7.60,76.30),(192,21.50,13.90,12.30,111.90),(193,29.50,7.80,10.50,35.00),(194,13.40,7.70,9.20,35.00),(195,7.20,15.40,2.80,107.80),(196,23.40,7.90,8.40,46.00),(197,19.90,5.80,8.20,33.70),(198,7.30,4.20,6.60,28.20),(199,29.30,4.80,9.20,33.70),(200,31.50,6.20,15.50,59.50),(201,32.40,4.70,11.10,36.10),(202,20.00,5.50,7.10,27.80),(203,8.20,8.10,3.30,59.10),(204,20.10,7.60,9.00,32.40),(205,10.80,5.20,7.20,13.30),(206,6.20,7.10,5.80,37.30),(207,17.70,7.00,12.30,35.40),(208,23.60,18.00,18.20,119.70),(209,26.20,14.00,8.90,107.30),(210,16.10,7.50,12.60,50.40),(211,25.10,17.30,9.30,73.50),(212,22.30,6.40,19.50,50.40),(213,17.30,3.70,9.80,27.00),(214,15.40,10.90,8.90,52.30),(215,17.30,6.40,10.00,28.10),(216,14.90,9.60,5.90,52.20),(217,18.90,6.00,15.10,50.00),(218,22.40,4.20,13.80,34.40),(219,32.30,5.30,19.70,37.30),(220,30.80,17.10,16.60,102.80),(221,17.00,11.60,7.70,51.10),(222,12.60,19.90,12.10,110.00),(223,18.60,4.70,10.90,33.50),(224,16.20,4.50,11.90,38.60),(225,22.70,7.60,9.80,34.30),(226,23.10,4.50,10.50,32.50),(227,22.20,5.40,11.20,32.80),(228,11.00,7.10,10.30,33.30),(229,28.10,4.90,20.90,38.40),(230,20.80,9.70,11.30,59.40),(231,25.60,15.40,12.00,81.80),(232,18.40,4.60,12.70,36.70),(233,16.50,6.30,8.90,35.70),(234,25.70,5.70,8.90,24.10),(235,21.50,18.20,6.90,112.90),(236,21.80,6.10,9.90,58.80),(237,31.50,7.40,19.80,59.30),(238,10.70,10.70,4.70,59.90),(239,13.50,8.70,13.10,56.10),(240,12.20,5.00,11.80,30.10),(241,19.60,3.30,18.70,25.80),(242,49.50,4.20,15.70,39.50),(243,15.60,15.10,11.90,106.90),(244,16.00,18.80,9.30,101.90),(245,26.40,5.50,15.50,27.70),(246,18.40,21.60,6.30,105.20),(247,24.10,4.40,9.00,34.40),(248,18.30,9.90,14.60,55.30),(249,16.90,16.10,9.30,109.30),(250,10.50,14.30,10.20,112.20),(251,6.00,3.80,4.20,28.80),(252,12.30,4.60,11.70,22.80),(253,18.10,16.80,14.10,109.40),(254,22.00,5.60,9.30,33.60),(255,17.90,10.90,8.50,57.90),(256,25.00,3.20,13.40,24.40),(257,22.80,8.00,20.40,57.70),(258,22.50,7.20,10.70,28.90),(259,23.80,17.70,8.20,111.80),(260,9.60,7.40,3.10,32.80),(261,17.70,5.10,7.30,27.80),(262,15.30,7.10,10.10,38.60),(263,17.00,7.20,13.40,58.10),(264,20.20,8.10,12.10,58.50),(265,20.90,9.90,9.60,58.10),(266,14.40,11.70,8.00,48.00),(267,26.70,7.70,8.70,38.30),(268,12.10,5.30,10.70,24.10),(269,29.00,5.00,10.50,33.80),(270,18.30,6.60,6.50,33.70),(271,32.90,18.10,14.40,96.20),(272,20.60,19.40,7.40,110.00),(273,12.50,6.40,11.90,40.30),(274,18.00,12.80,10.20,103.30),(275,22.90,18.50,10.50,116.00),(276,16.00,7.10,15.10,53.10),(277,4.50,7.60,4.00,49.50),(278,14.40,9.80,13.80,57.20),(279,24.10,11.70,9.50,54.00),(280,12.80,9.50,10.10,36.60),(281,31.30,9.90,10.40,50.50),(282,38.40,19.60,12.10,115.00),(283,25.10,6.10,13.60,52.90),(284,31.10,5.20,11.90,24.10),(285,35.00,4.60,19.40,38.40),(286,15.30,7.00,7.90,26.80),(287,22.90,8.50,12.50,55.90),(288,19.30,5.90,10.60,25.60),(289,14.70,22.70,10.70,118.20),(290,10.60,22.20,10.20,97.20),(291,46.10,6.00,18.80,56.90),(292,23.70,6.50,8.40,33.60),(293,17.70,7.80,6.70,26.50),(294,27.70,3.60,8.70,26.70),(295,29.10,7.00,16.80,38.80),(296,17.70,11.40,6.70,38.20),(297,13.20,7.40,10.70,36.80),(298,25.20,5.60,12.10,27.10),(299,21.10,11.70,9.70,57.10),(300,18.20,4.80,14.30,25.20),(301,21.80,3.80,8.30,20.60),(302,16.20,7.20,12.00,57.30),(303,27.40,5.90,17.20,36.40),(304,14.70,5.00,9.80,29.80),(305,18.60,4.40,10.10,32.80),(306,18.10,3.50,16.20,27.00),(307,32.00,4.60,14.00,23.50),(308,20.10,5.80,9.00,36.40),(309,5.50,9.50,3.30,52.10);

TRUNCATE `manifestpackage`;
INSERT INTO `manifestpackage` (FlightID, PackageID) 
 VALUES (1,1),(2,2),(3,3),(4,4),(5,5),(6,6),(7,7),(8,8),(9,9),(10,10),(11,11),(12,12),(13,13),(14,14),(15,15),(16,16),(17,17),(18,18),(19,19),(20,20),(21,21),(22,22),(23,23),(24,24),(25,25),(26,26),(27,27),(28,28),(29,29),(30,30),(31,31),(32,32),(33,33),(34,34),(35,35),(36,36),(37,37),(38,38),(39,39),(40,40),(41,41),(42,42),(43,43),(44,44),(45,45),(46,46),(47,47),(48,48),(49,49),(50,50),(51,51),(52,52),(55,53),(58,54),(77,55),(82,56),(101,57),(103,58),(107,59),(119,60),(122,61),(127,62),(133,63),(139,64),(140,65),(150,66),(153,67),(154,68),(166,69),(168,70),(170,71),(172,72),(178,73),(182,74),(188,75),(192,76),(194,77),(196,78),(197,79),(200,80),(202,81),(203,82),(211,83),(225,84),(242,85),(246,86),(252,87),(262,88),(267,89),(273,90),(278,91),(287,92),(292,93),(300,94),(306,95),(311,96),(323,97),(332,98),(340,99),(351,100),(355,101),(357,102),(364,103),(365,104),(368,105),(371,106),(381,107),(391,108),(398,109),(399,110),(409,111),(422,112),(425,113),(427,114),(432,115),(440,116),(442,117),(449,118),(451,119),(453,120),(457,121),(459,122),(461,123),(465,124),(467,125),(471,126),(474,127),(475,128),(477,129),(480,130),(488,131),(490,132),(493,133),(495,134),(498,135),(502,136),(507,137),(516,138),(523,139),(525,140),(531,141),(536,142),(537,143),(539,144),(540,145),(541,146),(542,147),(543,148),(552,149),(557,150),(558,151),(559,152),(563,153),(567,154),(572,155),(577,156),(588,157),(601,158),(602,159),(607,160),(613,161),(620,162),(624,163),(625,164),(631,165),(634,166),(644,167),(650,168),(652,169),(654,170),(656,171),(657,172),(661,173),(666,174),(675,175),(677,176),(679,177),(681,178),(688,179),(689,180),(694,181),(695,182),(699,183),(700,184),(703,185),(705,186),(713,187),(717,188),(722,189),(741,190),(743,191),(744,192),(746,193),(755,194),(760,195),(763,196),(765,197),(776,198),(783,199),(785,200),(793,201),(803,202),(805,203),(807,204),(816,205),(820,206),(823,207),(825,208),(830,209),(832,210),(834,211),(846,212),(854,213),(858,214),(862,215),(866,216),(870,217),(875,218),(877,219),(879,220),(883,221),(884,222),(894,223),(897,224),(907,225),(911,226),(912,227),(913,228),(914,229),(915,230),(916,231),(919,232),(928,233),(933,234),(934,235),(940,236),(941,237),(942,238),(943,239),(944,240),(954,241),(958,242),(961,243),(963,244),(965,245),(967,246),(970,247),(971,248),(978,249),(988,250),(989,251),(992,252),(993,253),(996,254),(998,255),(1003,256),(1008,257),(1010,258),(1021,259),(1031,260),(1032,261),(1037,262),(1043,263),(1046,264),(1048,265),(1054,266),(1056,267),(1065,268),(1067,269),(1069,270),(1070,271),(1071,272),(1073,273),(1080,274),(1082,275),(1085,276),(1086,277),(1090,278),(1102,279),(1103,280),(1108,281),(1110,282),(1111,283),(1112,284),(1113,285),(1117,286),(1127,287),(1132,288),(1133,289),(1134,290),(1135,291),(1138,292),(1140,293),(1141,294),(1142,295),(1147,296),(1149,297),(1150,298),(1151,299),(1159,300),(1160,301),(1161,302),(1166,303),(1173,304),(1182,305),(1183,306),(1186,307),(1187,308),(1188,309);

TRUNCATE `manifestpassenger`;
INSERT INTO `manifestpassenger` (FlightID, PassID, SeatPrice) 
 VALUES (56,225,51.75),(56,261,52.50),(56,384,52.24),(57,250,31.40),(57,263,36.84),(57,281,27.48),(57,372,24.21),(58,225,29.31),(58,284,29.31),(58,331,35.66),(58,370,39.60),(58,428,21.07),(58,433,37.58),(59,291,46.92),(59,305,23.93),(59,333,32.43),(59,378,22.74),(60,221,32.01),(60,276,51.78),(60,299,52.68),(60,324,19.54),(60,385,45.76),(61,203,41.52),(61,254,44.33),(61,286,29.82),(61,302,29.14),(61,437,37.15),(62,217,33.81),(62,305,29.09),(62,362,30.88),(62,370,23.77),(62,463,34.65),(62,476,27.79),(63,399,36.38),(63,409,52.53),(63,411,36.14),(65,365,39.68),(65,394,42.42),(65,398,22.33),(65,447,29.32),(65,466,35.09),(66,260,31.26),(66,367,41.43),(66,446,47.16),(66,461,30.85),(67,228,25.06),(67,279,45.22),(67,286,22.07),(67,314,47.95),(67,335,37.35),(67,376,52.51),(68,238,37.15),(68,257,22.09),(68,279,48.22),(68,401,26.65),(70,210,52.16),(70,250,52.18),(70,403,52.53),(71,346,23.94),(71,428,43.42),(71,438,34.73),(72,234,30.78),(72,280,27.44),(72,292,52.47),(72,303,36.97),(73,269,29.13),(73,358,39.40),(73,361,26.27),(74,203,50.16),(74,239,33.36),(74,349,20.88),(74,363,29.01),(75,226,32.42),(75,257,50.16),(75,271,42.68),(75,295,21.92),(75,308,27.64),(75,467,23.62),(76,213,22.00),(76,226,20.00),(76,246,45.98),(76,474,35.00),(77,201,21.39),(77,228,50.08),(77,286,40.65),(77,420,27.44),(78,207,47.20),(78,356,36.07),(78,380,20.88),(78,445,46.83),(79,200,26.91),(79,374,46.79),(79,411,45.20),(80,212,24.44),(80,274,53.62),(80,288,38.11),(80,300,20.58),(80,323,28.04),(80,460,19.09),(83,259,34.92),(83,305,33.66),(83,315,53.44),(83,364,23.98),(84,261,53.85),(84,361,33.54),(84,397,41.69),(85,215,39.44),(85,256,47.73),(85,289,45.03),(85,343,50.68),(85,378,49.58),(85,431,29.47),(87,297,41.77),(87,323,40.16),(87,351,50.25),(88,212,43.30),(88,257,38.88),(88,379,22.32),(88,448,41.24),(89,292,26.35),(89,357,48.98),(89,402,32.92),(89,404,33.39),(89,460,51.42),(90,331,21.65),(90,354,39.38),(90,435,31.28),(90,457,37.44),(91,268,30.57),(91,287,27.81),(91,309,50.37),(91,445,48.01),(91,454,52.75),(92,204,34.20),(92,222,28.32),(92,246,34.63),(92,377,48.12),(93,212,53.95),(93,273,44.90),(93,474,46.05),(94,200,35.68),(94,337,36.00),(94,451,53.41),(95,220,27.42),(95,255,32.62),(95,267,35.92),(95,320,51.83),(95,323,24.58),(96,201,44.99),(96,293,46.86),(96,326,34.22),(96,347,33.30),(96,392,47.51),(96,396,48.68),(97,214,19.18),(97,229,40.98),(97,284,23.50),(97,400,45.36),(97,434,49.88),(98,223,46.50),(98,306,35.18),(98,346,19.69),(98,363,43.93),(98,401,20.92),(98,473,45.74),(99,227,41.53),(99,294,45.63),(99,338,24.73),(99,342,44.67),(99,476,19.67),(100,318,23.34),(100,382,46.05),(100,401,53.18),(100,407,41.01),(100,423,38.77),(102,225,39.62),(102,268,51.71),(102,341,19.98),(103,222,33.05),(103,238,28.22),(103,273,41.58),(103,314,29.00),(103,356,34.23),(103,365,26.85),(104,220,22.82),(104,225,44.29),(104,252,46.40),(104,257,40.35),(104,439,45.13),(104,451,32.44),(105,237,45.86),(105,327,46.27),(105,340,39.80),(105,364,31.34),(107,112,27.93),(107,235,50.89),(107,342,30.89),(107,441,47.51),(108,315,45.36),(108,334,41.46),(108,367,51.82),(108,379,29.19),(108,467,35.31),(108,468,30.75),(110,214,32.88),(110,345,36.95),(110,412,27.40),(110,434,47.82),(111,225,51.52),(111,290,50.37),(111,301,49.64),(111,324,39.64),(111,450,51.33),(112,214,31.74),(112,241,35.91),(112,420,31.69),(112,456,19.62),(112,469,44.64),(113,294,25.34),(113,356,52.65),(113,400,19.76),(113,429,49.64),(115,231,33.62),(115,299,21.18),(115,410,30.97),(115,463,34.07),(117,201,50.40),(117,205,26.54),(117,215,19.07),(117,238,36.63),(117,419,48.37),(117,435,36.44),(118,261,41.27),(118,325,42.38),(118,409,23.48),(118,450,38.65),(118,465,21.47),(119,112,21.60),(119,209,24.65),(119,413,49.69),(119,463,48.10),(120,244,20.41),(120,312,21.43),(120,351,52.54),(120,393,39.40),(120,408,34.86),(120,424,24.05),(121,265,32.21),(121,343,19.83),(121,355,19.08),(121,439,24.86),(121,461,43.68),(123,365,36.42),(123,428,47.94),(123,451,49.76),(124,313,53.67),(124,319,30.98),(124,323,41.33),(124,348,30.42),(124,403,45.70),(124,452,44.65),(125,112,46.43),(125,218,49.28),(125,230,33.88),(125,251,51.80),(125,368,34.66),(125,429,41.52),(127,228,34.87),(127,274,50.33),(127,417,30.92),(127,418,42.40),(127,430,28.42),(128,112,47.38),(128,247,44.04),(128,253,24.04),(128,345,39.08),(130,251,27.70),(130,263,36.89),(130,267,26.08),(130,309,35.69),(130,447,34.80),(131,253,25.12),(131,307,30.76),(131,322,24.45),(131,405,45.99),(133,246,45.26),(133,258,24.62),(133,267,22.45),(133,410,28.45),(133,453,42.93),(134,235,29.91),(134,348,43.22),(134,372,53.21),(134,419,37.35),(134,438,29.11),(134,441,20.55),(136,218,36.14),(136,279,29.89),(136,364,35.06),(136,372,44.82),(136,432,25.50),(137,203,37.96),(137,229,30.48),(137,371,25.77),(137,386,36.68),(137,428,30.98),(138,200,26.17),(138,204,48.53),(138,260,25.38),(138,291,29.41),(138,466,45.50),(138,474,52.15),(140,326,21.23),(140,398,22.40),(140,436,23.93),(141,251,45.64),(141,265,25.71),(141,296,46.78),(141,367,43.33),(141,439,31.14),(141,457,49.58),(142,235,23.24),(142,250,20.90),(142,301,23.81),(142,365,21.10),(142,391,36.73),(143,237,32.53),(143,279,46.72),(143,323,52.69),(143,366,43.23),(143,402,44.76),(143,460,45.34),(144,276,29.99),(144,281,44.19),(144,401,28.93),(144,437,41.98),(145,204,26.20),(145,289,36.87),(145,307,34.40),(145,370,52.81),(145,419,26.20),(145,454,33.40),(146,273,39.48),(146,407,44.00),(146,415,38.10),(146,435,29.11),(148,318,25.71),(148,335,28.93),(148,373,52.69),(148,392,22.76),(150,276,44.30),(150,298,28.82),(150,328,36.91),(150,338,45.71),(150,472,22.95),(151,237,48.39),(151,288,46.67),(151,349,49.75),(151,391,38.71),(151,397,29.36),(151,463,21.26),(152,273,47.25),(152,297,26.63),(152,427,50.23),(155,255,24.52),(155,290,46.24),(155,445,47.07),(155,451,22.94),(155,460,34.76),(156,221,49.89),(156,228,45.57),(156,244,35.75),(156,265,35.85),(156,302,31.29),(158,211,30.89),(158,226,25.82),(158,304,49.23),(158,435,40.40),(158,441,27.37),(159,287,49.20),(159,288,36.54),(159,386,40.63),(159,417,41.82),(159,466,27.12),(160,271,38.82),(160,333,39.36),(160,429,48.36),(160,460,33.58),(162,225,35.00),(162,311,22.37),(162,329,22.83),(162,335,23.30),(162,417,29.03),(162,446,21.22),(164,206,37.14),(164,228,21.77),(164,232,25.09),(164,270,53.13),(164,385,35.49),(164,415,23.11),(165,216,35.53),(165,218,20.77),(165,266,29.83),(165,318,32.83),(165,453,36.47),(165,466,30.37),(167,244,34.59),(167,257,45.50),(167,333,24.48),(167,356,53.11),(167,395,34.72),(168,222,19.99),(168,240,36.36),(168,241,25.41),(168,282,24.27),(168,317,41.88),(169,300,28.68),(169,319,25.32),(169,440,26.30),(170,207,31.56),(170,257,21.15),(170,333,36.80),(171,258,51.48),(171,269,37.69),(171,278,46.08),(171,425,30.12),(171,426,25.17),(171,456,22.91),(172,283,53.88),(172,302,22.88),(172,303,26.72),(172,335,40.51),(172,436,30.23),(173,212,39.75),(173,228,20.32),(173,278,30.68),(173,303,52.72),(174,112,24.05),(174,317,28.62),(174,330,51.94),(174,375,49.84),(174,385,35.87),(176,200,19.38),(176,314,40.74),(176,381,42.30),(176,468,22.70),(177,223,48.11),(177,265,29.45),(177,272,38.55),(177,427,47.58),(177,431,49.33),(177,437,25.57),(178,113,40.22),(178,219,53.22),(178,287,33.57),(178,296,42.96),(178,465,21.45),(180,217,31.37),(180,307,25.20),(180,468,47.90),(181,267,50.25),(181,397,33.96),(181,400,51.30),(181,431,30.63),(182,234,50.48),(182,252,21.72),(182,262,20.66),(182,337,22.93),(182,383,31.43),(183,252,43.67),(183,299,35.48),(183,304,22.91),(183,330,26.57),(183,407,34.56),(184,310,33.62),(184,351,36.01),(184,470,25.17),(186,256,36.52),(186,296,53.68),(186,325,43.31),(186,331,33.65),(186,354,39.71),(187,203,52.05),(187,239,21.44),(187,247,39.31),(187,341,20.64),(188,238,39.66),(188,334,38.83),(188,383,28.36),(188,455,20.07),(189,113,35.30),(189,207,36.84),(189,312,27.06),(189,355,43.32),(189,392,24.32),(190,203,32.88),(190,326,24.92),(190,371,34.08),(190,381,35.51),(191,271,30.01),(191,389,32.96),(191,442,53.60),(191,473,42.40),(192,329,46.83),(192,353,41.83),(192,444,38.26),(192,454,27.29),(194,242,24.18),(194,284,20.64),(194,336,51.25),(194,424,45.19),(194,440,31.68),(195,275,36.56),(195,284,40.13),(195,408,48.36),(195,425,43.41),(196,242,36.99),(196,320,43.23),(196,352,29.24),(197,208,24.61),(197,270,48.52),(197,335,28.50),(198,321,49.15),(198,444,35.32),(198,449,33.36),(199,212,33.13),(199,267,29.62),(199,298,34.93),(199,328,43.68),(199,425,29.99),(199,444,30.68),(200,212,36.25),(200,229,27.75),(200,244,22.82),(200,339,46.01),(200,386,44.83),(201,204,41.28),(201,217,22.89),(201,247,50.81),(201,292,44.12),(201,365,45.53),(201,393,40.36),(202,260,42.04),(202,318,46.08),(202,345,23.44),(202,373,40.71),(204,306,52.54),(204,357,44.04),(204,365,33.73),(204,376,48.69),(204,438,20.82),(205,243,21.96),(205,291,38.88),(205,342,26.69),(205,420,48.59),(205,445,29.64),(206,276,46.01),(206,338,46.12),(206,411,43.31),(206,421,27.19),(207,268,38.62),(207,278,21.38),(207,330,25.85),(207,422,45.35),(208,203,52.62),(208,263,41.90),(208,348,22.18),(208,457,30.30),(208,462,48.43),(209,242,41.51),(209,263,41.66),(209,301,43.07),(209,307,25.40),(209,475,33.78),(211,208,29.37),(211,224,26.88),(211,346,29.43),(211,410,40.05),(211,434,32.80),(212,264,25.12),(212,283,51.68),(212,292,35.13),(212,370,20.51),(212,381,36.21),(212,394,51.14),(213,271,39.32),(213,332,20.49),(213,369,38.68),(213,397,23.38),(213,428,39.75),(213,447,49.93),(214,212,53.14),(214,286,46.04),(214,465,28.05),(214,473,22.55),(216,253,32.13),(216,287,47.37),(216,469,48.33),(216,476,21.27),(217,200,23.53),(217,238,28.62),(217,379,32.68),(218,319,42.00),(218,378,35.46),(218,391,28.52),(218,392,32.28),(218,412,27.19),(219,112,27.71),(219,205,22.78),(219,226,34.07),(219,302,51.20),(219,346,19.52),(220,200,39.17),(220,270,48.50),(220,368,49.78),(221,252,21.26),(221,300,23.49),(221,361,48.17),(221,427,37.40),(221,440,26.49),(222,231,40.29),(222,432,49.67),(222,459,20.92),(223,239,37.26),(223,343,43.87),(223,436,50.21),(223,460,42.70),(224,249,51.53),(224,261,32.17),(224,333,47.16),(224,375,37.15),(224,448,35.37),(226,272,34.28),(226,388,26.54),(226,459,40.58),(227,202,35.67),(227,230,40.28),(227,290,31.62),(227,316,23.52),(227,334,38.53),(228,363,53.34),(228,388,29.52),(228,407,38.76),(228,419,37.72),(230,224,29.30),(230,271,27.52),(230,291,51.12),(230,345,33.33),(232,213,52.84),(232,227,25.63),(232,251,20.65),(232,258,31.92),(232,302,26.52),(233,206,40.44),(233,238,38.25),(233,438,36.65),(233,458,50.93),(234,247,21.93),(234,305,21.02),(234,424,35.16),(235,228,26.14),(235,305,53.21),(235,413,22.07),(236,349,35.68),(236,403,50.67),(236,459,31.22),(236,472,42.41),(237,217,36.85),(237,369,37.22),(237,449,43.41),(238,235,22.67),(238,308,43.87),(238,405,32.74),(239,279,38.44),(239,285,52.70),(239,362,50.10),(239,395,45.36),(240,233,49.99),(240,255,53.04),(240,334,26.22),(240,407,22.99),(242,203,21.42),(242,292,39.04),(242,385,52.51),(243,225,37.11),(243,263,25.97),(243,324,47.54),(243,327,39.62),(243,382,32.76),(244,219,29.36),(244,234,32.70),(244,322,29.69),(244,439,28.86),(244,463,41.39),(245,267,52.83),(245,301,26.35),(245,315,51.76),(245,322,39.00),(245,347,41.41),(246,202,34.81),(246,251,26.88),(246,268,39.38),(246,380,26.89),(246,399,38.47),(246,414,29.50),(247,266,34.49),(247,288,32.50),(247,357,50.15),(247,431,42.42),(247,460,37.99),(247,475,29.52),(248,225,31.40),(248,247,42.38),(248,315,28.73),(248,343,20.20),(248,452,40.20),(249,235,46.08),(249,285,34.87),(249,357,42.96),(249,380,22.55),(249,462,44.48),(250,323,28.22),(250,393,42.93),(250,445,49.73),(251,242,35.77),(251,399,44.93),(251,421,44.24),(251,428,37.91),(252,207,49.86),(252,263,43.07),(252,366,48.45),(252,460,25.61),(253,276,33.46),(253,315,47.08),(253,373,20.16),(253,448,34.91),(254,260,51.23),(254,302,23.04),(254,358,47.52),(255,295,25.58),(255,298,40.86),(255,328,51.33),(255,423,38.58),(256,241,48.57),(256,246,32.95),(256,271,19.98),(259,360,47.05),(259,384,23.21),(259,422,52.68),(259,461,25.91),(260,274,45.14),(260,285,41.73),(260,293,23.08),(260,382,37.86),(261,239,41.50),(261,320,21.71),(261,392,35.06),(261,435,45.27),(261,462,32.26),(263,211,51.45),(263,235,21.36),(263,305,47.11),(263,313,30.07),(263,422,32.50),(263,466,34.17),(265,284,40.20),(265,393,38.59),(265,407,47.81),(265,411,48.28),(266,239,48.14),(266,287,27.72),(266,459,45.19),(267,247,53.69),(267,331,47.54),(267,419,36.81),(268,211,53.66),(268,319,39.43),(268,365,52.18),(268,392,46.62),(269,202,23.40),(269,208,35.12),(269,386,45.87),(270,224,32.88),(270,244,33.46),(270,275,44.88),(270,331,49.67),(270,434,23.99),(270,454,37.31),(271,210,31.42),(271,234,52.62),(271,331,50.48),(271,372,27.96),(271,432,29.21),(271,474,20.22),(272,112,48.30),(272,223,25.84),(272,262,44.04),(272,344,53.88),(272,372,49.11),(274,229,41.63),(274,359,21.69),(274,416,31.26),(274,449,21.50),(274,450,19.08),(275,239,42.24),(275,269,37.77),(275,287,45.75),(275,320,42.50),(275,346,29.70),(276,276,45.53),(276,286,20.66),(276,319,43.30),(276,360,50.66),(276,381,43.74),(276,387,40.33),(277,216,29.99),(277,230,37.00),(277,274,47.30),(277,295,49.68),(277,396,25.69),(277,471,19.93),(279,258,46.09),(279,321,52.91),(279,350,32.93),(279,374,31.08),(279,425,41.76),(282,234,32.83),(282,327,29.11),(282,461,31.24),(283,219,41.07),(283,279,40.60),(283,339,51.94),(283,347,32.81),(283,380,41.72),(283,439,19.87),(284,229,36.79),(284,311,40.82),(284,342,47.54),(284,346,21.65),(284,403,19.49),(285,267,46.83),(285,288,36.87),(285,303,36.10),(285,381,24.84),(285,456,29.61),(286,298,24.78),(286,320,53.44),(286,329,45.10),(286,353,24.41),(286,380,27.69),(286,437,37.40),(288,290,51.61),(288,376,35.58),(288,423,49.29),(288,445,50.70),(289,340,44.95),(289,412,53.53),(289,451,27.40),(290,236,40.68),(290,325,25.56),(290,356,48.01),(290,449,21.74),(291,250,28.97),(291,270,25.06),(291,402,40.19),(292,227,40.22),(292,231,35.93),(292,238,39.29),(292,251,52.49),(292,317,25.00),(292,404,28.48),(293,258,50.92),(293,270,28.05),(293,377,24.18),(293,394,32.47),(293,412,19.15),(293,472,23.81),(294,212,38.25),(294,303,21.34),(294,414,29.49),(294,474,24.26),(295,297,49.23),(295,379,26.10),(295,408,43.86),(296,266,37.28),(296,313,50.58),(296,407,48.60),(297,227,23.21),(297,277,49.47),(297,294,53.73),(297,317,29.73),(297,352,20.14),(297,464,27.53),(298,317,23.87),(298,352,20.25),(298,393,34.05),(298,414,50.17),(298,428,36.76),(299,236,49.32),(299,276,53.78),(299,379,31.28),(299,413,31.86),(300,342,26.41),(300,369,50.72),(300,398,39.13),(300,414,29.83),(300,431,27.40),(300,437,47.98),(302,274,40.95),(302,279,33.38),(302,293,47.31),(302,397,38.06),(302,422,52.99),(304,220,36.65),(304,231,44.42),(304,296,39.94),(306,242,26.35),(306,291,30.51),(306,305,27.01),(306,340,19.72),(306,345,35.73),(306,431,37.95),(307,206,45.40),(307,286,48.95),(307,400,36.79),(307,422,26.40),(307,425,27.00),(307,461,28.66),(308,220,52.26),(308,280,49.66),(308,348,27.97),(308,433,53.40),(308,451,37.71),(308,458,46.19),(309,201,36.28),(309,289,24.18),(309,294,51.02),(309,307,45.67),(309,337,20.66),(309,366,30.40),(310,310,36.53),(310,319,49.63),(310,428,50.14),(310,448,42.68),(310,458,48.26),(311,207,49.29),(311,383,33.75),(311,396,22.37),(311,463,22.77),(311,475,19.12),(312,262,52.57),(312,268,36.60),(312,298,22.42),(312,385,35.67),(312,427,42.72),(312,444,41.31),(313,222,39.06),(313,296,45.20),(313,314,29.30),(313,375,51.42),(313,438,52.73),(315,279,41.03),(315,402,53.68),(315,439,25.09),(318,344,52.10),(318,383,36.74),(318,391,22.26),(319,333,52.75),(319,361,31.82),(319,403,28.64),(319,405,53.65),(319,422,48.81),(320,225,25.71),(320,259,29.92),(320,305,26.54),(320,314,53.59),(320,465,53.47),(321,301,51.06),(321,332,20.94),(321,355,25.12),(322,222,22.67),(322,277,24.28),(322,306,47.36),(322,373,35.64),(322,388,22.26),(323,212,52.59),(323,247,47.81),(323,268,44.16),(324,225,50.01),(324,347,41.95),(324,374,40.70),(324,388,35.38),(324,434,28.03),(325,231,47.36),(325,237,31.07),(325,297,38.90),(325,300,29.28),(325,373,32.46),(325,415,31.05),(326,239,45.25),(326,381,46.55),(326,386,29.95),(326,407,26.13),(326,434,26.26),(327,223,45.91),(327,259,24.20),(327,324,22.18),(327,472,26.42),(327,473,29.63),(327,474,22.76),(328,242,48.44),(328,259,26.64),(328,349,49.24),(328,370,43.78),(328,454,20.19),(328,455,36.47),(329,249,37.64),(329,276,39.75),(329,296,21.08),(329,308,32.90),(329,430,46.50),(329,441,24.28),(330,222,24.80),(330,365,34.54),(330,403,36.37),(330,423,34.20),(330,463,53.46),(331,244,37.59),(331,268,50.59),(331,393,31.32),(331,399,51.11),(331,428,52.17),(331,469,51.22),(332,253,44.53),(332,343,30.48),(332,429,22.72),(333,291,21.62),(333,310,20.76),(333,367,49.45),(333,405,37.79),(333,475,40.15),(334,210,50.20),(334,230,51.37),(334,292,34.13),(334,445,27.55),(336,231,22.00),(336,334,26.65),(336,342,22.33),(336,383,47.24),(337,269,50.53),(337,271,34.08),(337,390,48.88),(337,424,22.24),(337,460,26.93),(340,283,34.46),(340,342,35.64),(340,430,38.61),(340,432,38.23),(340,469,43.41),(341,256,47.69),(341,293,52.89),(341,332,19.25),(341,407,43.08),(341,412,32.39),(341,462,32.19),(342,219,31.46),(342,343,31.64),(342,469,47.57),(344,243,46.77),(344,283,43.69),(344,339,39.23),(344,441,48.80),(345,238,22.45),(345,261,41.44),(345,339,43.59),(346,356,43.15),(346,365,46.43),(346,456,48.67),(346,463,50.11),(347,279,24.19),(347,348,39.35),(347,360,32.54),(348,289,47.75),(348,371,52.95),(348,390,27.21),(348,420,24.12),(348,443,42.39),(349,232,25.16),(349,332,28.89),(349,394,38.67),(350,315,49.68),(350,372,33.80),(350,456,41.02),(350,461,24.67),(351,203,49.13),(351,219,41.93),(351,248,36.67),(351,306,49.90),(351,324,43.29),(352,284,45.89),(352,297,40.94),(352,357,34.49),(352,405,19.67),(352,423,21.26),(353,219,33.77),(353,284,53.00),(353,293,21.95),(353,398,53.99),(354,278,38.20),(354,375,35.97),(354,456,46.22),(357,229,24.20),(357,305,24.83),(357,324,27.51),(357,362,23.23),(357,412,45.95),(358,262,25.58),(358,281,26.17),(358,347,47.19),(358,366,28.59),(358,469,26.78),(359,339,39.61),(359,373,27.98),(359,393,49.42),(359,460,47.16),(360,282,48.32),(360,314,25.45),(360,354,40.51),(360,468,21.73),(362,238,30.97),(362,272,24.64),(362,402,26.94),(365,259,44.59),(365,283,36.74),(365,284,40.04),(365,285,19.06),(365,314,35.84),(365,443,23.72),(366,239,32.29),(366,294,29.12),(366,317,27.73),(366,360,24.26),(367,250,30.68),(367,288,50.50),(367,328,20.95),(367,334,46.75),(368,280,52.54),(368,369,24.41),(368,372,51.84),(369,225,52.48),(369,230,21.52),(369,325,32.83),(369,430,53.59),(369,464,45.57),(370,298,30.71),(370,312,23.70),(370,392,20.05),(370,467,38.16),(371,240,26.12),(371,243,37.51),(371,298,32.87),(371,336,49.46),(371,406,24.70),(371,416,43.63),(372,271,46.76),(372,374,39.05),(372,421,43.66),(372,442,27.20),(372,449,21.44),(372,463,35.96),(373,209,42.68),(373,271,20.75),(373,366,33.56),(375,236,40.57),(375,254,21.81),(375,276,26.33),(375,305,25.97),(375,418,27.26),(375,472,31.83),(376,217,49.95),(376,264,28.02),(376,272,32.57),(376,288,41.29),(377,209,45.30),(377,236,25.46),(377,258,24.87),(377,379,28.97),(377,383,51.24),(378,228,46.49),(378,355,44.22),(378,386,45.83),(379,255,48.03),(379,267,26.17),(379,428,43.21),(379,430,53.33),(379,446,37.76),(380,237,24.70),(380,264,27.65),(380,306,26.19),(380,341,39.79),(380,400,38.15),(380,448,45.46),(381,200,25.19),(381,213,27.40),(381,219,38.39),(381,402,46.18),(381,409,50.57),(381,438,37.84),(383,340,40.77),(383,401,46.13),(383,464,21.96),(384,256,52.90),(384,398,26.80),(384,411,46.45),(384,430,44.03),(385,204,27.88),(385,231,20.65),(385,352,21.58),(385,381,50.66),(385,391,35.93),(385,476,43.67),(386,228,45.66),(386,317,53.81),(386,339,38.63),(386,398,45.22),(386,408,37.20),(387,231,42.61),(387,234,20.90),(387,417,25.97),(388,110,28.20),(388,203,20.36),(388,310,41.73),(388,340,22.42),(388,350,31.79),(388,460,32.03),(389,211,49.94),(389,228,43.45),(389,284,41.11),(389,453,39.86),(390,235,22.58),(390,316,30.23),(390,339,33.45),(390,408,28.54),(390,441,32.89),(391,223,21.78),(391,246,32.02),(391,392,19.47),(391,394,30.96),(391,402,49.68),(391,427,21.23),(392,209,24.53),(392,300,37.35),(392,324,40.46),(392,407,26.61),(394,202,31.84),(394,209,28.23),(394,252,37.87),(394,288,34.11),(394,471,52.69),(395,112,50.33),(395,221,48.79),(395,324,51.67),(395,333,22.76),(396,236,44.88),(396,260,49.39),(396,321,40.61),(396,335,45.19),(396,393,48.52),(396,454,36.14),(397,207,19.53),(397,242,23.93),(397,255,48.31),(397,382,22.92),(397,438,31.24),(397,440,33.45),(398,224,50.83),(398,330,26.61),(398,333,33.46),(398,405,20.57),(398,412,34.60),(398,438,30.79),(399,260,43.06),(399,285,44.47),(399,356,45.77),(399,461,52.53),(401,218,53.49),(401,238,23.55),(401,429,26.60),(401,443,53.94),(402,110,32.27),(402,222,46.93),(402,343,34.13),(402,366,24.41),(403,112,52.51),(403,221,39.22),(403,297,46.30),(403,306,53.42),(403,345,51.83),(403,346,53.04),(404,414,21.38),(404,442,26.72),(404,458,21.97),(405,269,23.48),(405,413,50.17),(405,471,21.43),(406,226,37.43),(406,325,52.75),(406,331,48.53),(406,344,21.97),(407,294,27.80),(407,328,33.82),(407,422,46.35),(407,436,24.38),(407,455,47.87),(408,110,27.53),(408,284,37.56),(408,351,23.75),(408,384,40.96),(409,225,51.88),(409,268,43.34),(409,301,40.37),(409,323,36.94),(409,391,27.22),(411,110,19.77),(411,112,23.77),(411,113,31.83),(411,250,33.85),(411,408,22.67),(412,237,35.50),(412,358,52.83),(412,458,33.66),(413,201,22.45),(413,270,39.03),(413,306,39.51),(413,377,27.52),(413,396,40.01),(413,475,46.17),(415,280,27.23),(415,361,49.06),(415,377,29.95),(415,416,40.74),(415,437,29.15),(416,260,25.86),(416,291,20.58),(416,340,42.64),(416,388,52.39),(416,390,25.35),(417,301,44.54),(417,309,29.95),(417,325,37.68),(417,431,20.68),(418,262,33.43),(418,344,24.24),(418,350,42.23),(418,394,30.79),(418,450,20.77),(418,473,45.50),(419,220,46.25),(419,263,35.65),(419,308,24.71),(419,347,36.93),(419,356,34.63),(419,364,31.48),(421,318,39.82),(421,399,39.51),(421,447,46.24),(422,213,45.54),(422,263,29.76),(422,317,34.48),(422,372,29.13),(422,390,32.81),(422,417,43.44),(424,238,36.55),(424,297,49.22),(424,319,20.81),(424,320,24.82),(424,345,47.64),(424,404,53.63),(425,259,32.25),(425,385,51.12),(425,416,47.96),(425,471,33.37),(426,110,36.88),(426,206,40.52),(426,299,28.61),(426,384,37.50),(426,473,47.68),(427,247,24.01),(427,253,42.70),(427,295,42.56),(427,338,44.93),(427,339,43.37),(427,475,20.84),(428,202,52.27),(428,233,31.84),(428,288,41.84),(428,289,31.91),(428,371,29.31),(428,459,33.40),(429,236,30.86),(429,268,29.57),(429,280,49.90),(429,324,49.53),(429,415,47.91),(429,474,46.91),(430,356,53.81),(430,390,53.30),(430,405,25.47),(430,424,20.18),(430,466,52.89),(431,225,36.26),(431,288,33.79),(431,315,41.17),(431,325,50.47),(432,238,32.37),(432,326,20.67),(432,357,50.90),(432,401,36.68),(433,285,24.48),(433,301,34.64),(433,350,34.48),(433,360,19.90),(433,411,50.29),(434,210,20.81),(434,253,22.75),(434,354,37.68),(434,451,51.82),(435,311,40.86),(435,328,40.48),(435,356,22.26),(436,248,50.89),(436,338,25.32),(436,347,19.50),(437,234,27.81),(437,264,27.06),(437,305,43.24),(437,327,25.60),(437,353,53.57),(438,229,49.05),(438,311,41.32),(438,381,39.55),(438,456,34.14),(440,267,53.41),(440,344,28.03),(440,409,40.81),(440,422,30.92),(440,470,51.51),(441,220,38.29),(441,287,48.17),(441,321,37.85),(441,334,40.95),(441,357,27.96),(442,223,30.41),(442,323,36.59),(442,343,35.15),(442,424,27.57),(442,453,53.79),(444,209,41.04),(444,387,53.03),(444,390,53.02),(444,399,52.03),(444,430,32.72),(444,454,46.18),(445,228,52.88),(445,297,40.11),(445,333,24.44),(445,440,40.70),(447,217,27.67),(447,246,29.31),(447,313,37.62),(447,427,34.93),(447,445,49.71),(448,215,30.85),(448,243,46.30),(448,284,26.79),(448,434,38.57),(448,442,20.56),(449,256,37.13),(449,264,35.84),(449,334,25.19),(449,413,24.12),(451,242,27.27),(451,291,23.89),(451,335,43.56),(451,372,21.68),(451,411,33.85),(453,326,27.40),(453,331,47.04),(453,418,46.89),(453,440,51.27),(454,223,52.06),(454,317,24.68),(454,397,43.16),(454,399,48.24),(454,425,33.98),(454,435,41.83),(456,205,52.21),(456,230,24.70),(456,297,27.97),(456,350,34.21),(456,387,33.15),(456,462,44.10),(457,230,31.60),(457,257,49.48),(457,317,53.81),(457,346,31.39),(457,379,46.53),(458,110,29.33),(458,369,23.87),(458,464,47.17),(458,470,28.85),(459,243,43.35),(459,260,50.80),(459,404,28.89),(461,232,46.71),(461,357,23.71),(461,365,41.29),(461,469,47.31),(462,202,23.71),(462,203,53.96),(462,283,32.81),(462,355,21.07),(462,366,49.19),(462,386,47.39),(463,295,34.76),(463,306,36.87),(463,346,47.51),(463,349,43.77),(463,367,25.56),(463,472,22.81),(464,113,45.05),(464,294,27.13),(464,297,41.04),(464,339,47.85),(464,381,22.79),(464,393,43.09),(465,209,24.99),(465,265,44.49),(465,369,40.09),(465,442,20.69),(468,221,33.10),(468,342,52.60),(468,371,42.96),(468,446,39.71),(468,453,21.75),(472,220,51.91),(472,372,27.49),(472,386,33.85),(472,402,52.59),(475,293,33.08),(475,428,26.51),(475,431,31.88),(476,240,47.76),(476,251,47.39),(476,364,42.62),(476,434,21.73),(477,204,50.22),(477,291,19.73),(477,327,39.69),(478,235,20.78),(478,242,42.33),(478,281,25.28),(478,409,25.86),(479,236,24.27),(479,394,41.08),(479,458,43.60),(480,207,39.26),(480,335,29.34),(480,337,44.93),(480,384,47.61),(481,228,46.03),(481,242,36.31),(481,329,52.68),(482,113,44.52),(482,205,36.74),(482,384,49.76),(482,433,49.56),(483,205,40.25),(483,331,31.89),(483,353,32.50),(483,376,26.55),(483,446,49.74),(483,448,38.95),(485,217,21.91),(485,227,37.63),(485,272,30.79),(485,315,42.05),(485,385,43.80),(485,410,37.76),(487,311,50.56),(487,334,52.99),(487,356,44.36),(487,425,30.74),(488,271,50.18),(488,353,51.82),(488,381,51.27),(489,216,41.55),(489,274,51.93),(489,356,32.97),(490,202,42.83),(490,204,51.97),(490,221,38.18),(490,242,51.00),(490,251,50.23),(490,362,51.45),(491,254,25.87),(491,317,43.77),(491,334,52.24),(491,403,40.88),(492,211,28.28),(492,279,27.46),(492,337,33.44),(492,378,30.01),(492,381,40.02),(492,387,22.86),(493,113,47.19),(493,223,38.97),(493,297,25.91),(493,344,49.07),(493,434,28.68),(493,436,30.89),(494,230,21.25),(494,251,50.91),(494,285,23.65),(494,320,27.77),(494,345,24.59),(494,398,43.74),(495,322,27.25),(495,332,21.41),(495,407,31.95),(496,318,37.83),(496,350,22.00),(496,432,29.39),(496,461,35.31),(497,224,49.81),(497,323,43.66),(497,423,22.87),(497,433,30.06),(497,459,21.42),(498,249,19.46),(498,252,23.88),(498,325,42.33),(498,408,26.97),(498,413,43.56),(499,203,20.17),(499,252,26.72),(499,280,28.25),(499,319,29.88),(500,246,42.95),(500,392,39.11),(500,418,40.54),(501,223,36.07),(501,228,52.14),(501,370,28.48),(501,410,36.40),(502,230,47.02),(502,304,42.44),(502,382,44.45),(502,409,52.16),(502,416,46.77),(504,237,46.49),(504,302,20.28),(504,323,47.94),(504,367,41.05),(506,201,50.79),(506,266,24.14),(506,301,40.27),(506,375,41.68),(506,421,41.07),(506,437,37.02),(507,217,37.59),(507,293,45.01),(507,367,33.92),(508,244,19.23),(508,364,47.01),(508,387,42.85),(508,397,51.22),(508,443,53.58),(510,248,35.14),(510,353,43.98),(510,367,44.22),(510,404,24.05),(511,249,34.20),(511,266,42.64),(511,358,33.92),(511,370,24.11),(511,442,43.28),(512,210,46.18),(512,241,38.82),(512,298,53.27),(512,344,45.95),(512,368,50.28),(512,461,52.88),(513,234,41.42),(513,238,38.25),(513,245,43.30),(513,333,42.96),(513,340,42.34),(513,380,36.60),(514,224,51.90),(514,232,51.03),(514,298,31.06),(514,397,39.82),(514,456,45.48),(517,206,51.97),(517,253,20.60),(517,307,31.88),(517,382,47.72),(517,392,47.09),(517,464,52.81),(518,212,50.07),(518,337,22.37),(518,365,30.87),(518,457,46.33),(519,241,43.27),(519,264,46.44),(519,425,23.00),(519,469,36.20),(521,211,25.35),(521,249,35.85),(521,274,49.21),(521,357,26.99),(521,378,49.51),(521,463,45.90),(522,288,52.10),(522,302,38.80),(522,341,53.70),(523,320,30.82),(523,333,50.30),(523,363,32.66),(523,414,23.46),(523,424,52.41),(523,464,46.35),(524,242,40.81),(524,243,50.05),(524,342,45.82),(524,367,27.04),(524,403,23.96),(524,455,33.34),(525,325,33.55),(525,390,36.26),(525,443,25.27),(525,467,34.01),(526,113,32.68),(526,200,42.82),(526,233,21.11),(526,244,46.03),(526,320,22.03),(527,275,21.76),(527,277,34.20),(527,390,43.45),(527,435,21.67),(528,203,53.22),(528,355,33.64),(528,364,46.49),(528,369,19.72),(528,409,24.93),(528,461,44.76),(529,230,43.20),(529,236,30.84),(529,295,32.86),(529,375,50.68),(529,394,53.16),(530,264,22.61),(530,393,28.72),(530,399,21.78),(531,205,33.04),(531,218,25.13),(531,223,47.87),(531,234,35.81),(532,224,43.59),(532,238,32.87),(532,300,24.57),(532,362,40.25),(532,398,49.80),(532,426,39.91),(533,206,29.97),(533,394,47.86),(533,412,28.45),(533,420,22.26),(535,232,51.58),(535,240,37.98),(535,302,20.31),(535,352,33.66),(535,414,31.33),(536,315,45.09),(536,433,34.07),(536,463,47.09),(537,216,22.64),(537,254,36.65),(537,268,37.77),(537,395,20.79),(537,476,26.34),(538,228,30.95),(538,252,31.43),(538,331,49.85),(538,360,21.21),(539,253,20.08),(539,276,38.58),(539,381,47.83),(539,425,30.25),(539,428,42.90),(540,200,38.06),(540,344,25.96),(540,409,25.12),(540,448,46.18),(541,204,19.73),(541,364,48.56),(541,366,28.33),(541,395,24.60),(541,448,22.03),(542,288,46.88),(542,413,33.07),(542,448,46.18),(543,202,34.79),(543,254,38.39),(543,320,33.58),(543,384,33.73),(543,428,48.91),(544,246,25.75),(544,259,47.92),(544,316,43.97),(544,457,53.29),(544,463,19.84),(544,471,35.99),(545,246,52.29),(545,401,30.42),(545,448,46.17),(546,242,28.35),(546,356,48.84),(546,371,29.77),(546,398,44.58),(546,402,31.54),(546,403,49.40),(548,207,26.73),(548,271,45.04),(548,275,30.26),(548,354,20.12),(548,361,23.86),(548,461,46.86),(549,200,49.88),(549,266,53.09),(549,349,23.53),(549,396,45.63),(550,336,51.09),(550,371,31.84),(550,373,30.44),(550,378,22.00),(550,416,48.30),(550,420,53.96),(551,207,37.57),(551,225,41.05),(551,342,48.55),(554,113,19.22),(554,243,35.00),(554,321,42.07),(554,360,28.72),(556,304,27.10),(556,404,53.94),(556,432,29.40),(556,461,38.84),(556,469,32.53),(557,254,27.83),(557,369,49.17),(557,409,22.03),(557,416,43.01),(557,443,25.62),(558,225,53.28),(558,272,35.57),(558,320,43.05),(558,440,47.28),(559,287,50.62),(559,317,36.59),(559,393,53.50),(559,439,48.49),(559,453,50.20),(560,202,24.24),(560,248,51.27),(560,250,53.41),(560,327,26.32),(560,460,46.98),(561,226,22.45),(561,341,42.25),(561,360,35.56),(561,426,34.51),(561,427,32.04),(562,230,51.72),(562,270,43.99),(562,285,51.08),(562,353,43.47),(562,366,37.65),(562,461,49.08),(563,313,45.08),(563,318,52.44),(563,334,24.47),(563,416,44.28),(563,447,42.97),(564,251,35.66),(564,301,28.31),(564,460,44.00),(564,463,37.86),(565,215,41.01),(565,268,24.77),(565,317,31.62),(565,331,41.73),(566,273,21.40),(566,299,48.26),(566,459,48.23),(567,201,41.36),(567,230,24.64),(567,426,43.87),(568,256,50.78),(568,317,41.31),(568,330,35.53),(568,471,45.97),(569,211,48.09),(569,289,19.73),(569,443,46.26),(570,201,46.37),(570,410,29.50),(570,411,23.77),(570,425,36.53),(571,200,25.86),(571,211,48.03),(571,229,28.12),(571,324,44.79),(571,448,35.45),(571,459,45.94),(572,201,51.50),(572,265,32.67),(572,455,35.52),(573,225,26.57),(573,272,31.07),(573,424,48.27),(573,474,28.75),(574,209,44.64),(574,214,32.91),(574,264,50.43),(574,271,19.84),(574,364,35.47),(574,396,33.64),(576,215,37.32),(576,223,20.24),(576,278,53.82),(576,285,34.21),(576,293,25.75),(576,297,29.96),(577,211,25.88),(577,344,25.66),(577,384,31.68),(578,337,20.70),(578,369,26.66),(578,398,46.46),(578,453,19.69),(578,456,27.21),(578,472,44.94),(579,346,42.57),(579,426,36.94),(579,462,37.98),(580,224,30.45),(580,256,35.19),(580,284,30.59),(580,301,31.27),(580,358,28.41),(580,379,21.02),(581,223,28.33),(581,291,31.46),(581,452,53.31),(583,213,30.79),(583,344,28.95),(583,364,48.17),(583,440,24.49),(584,218,33.73),(584,352,36.75),(584,459,39.59),(585,259,26.34),(585,319,49.57),(585,378,43.69),(585,380,49.28),(585,403,36.52),(586,226,27.66),(586,245,51.55),(586,306,34.68),(587,247,34.65),(587,262,27.93),(587,427,53.76),(587,455,25.06),(587,463,29.18),(588,280,37.96),(588,334,26.40),(588,414,48.14),(590,243,39.62),(590,272,37.86),(590,286,25.41),(590,331,20.44),(590,398,26.62),(593,202,53.95),(593,349,48.49),(593,393,36.68),(593,453,35.69),(595,228,48.78),(595,327,36.75),(595,352,50.53),(595,410,38.32),(595,458,49.96),(597,236,51.80),(597,287,39.00),(597,330,48.64),(597,401,52.13),(597,427,33.78),(597,433,28.28),(598,214,42.78),(598,321,37.90),(598,450,32.53),(598,461,30.90),(599,333,28.61),(599,382,45.22),(599,415,47.07),(599,470,30.01),(601,286,34.25),(601,289,26.61),(601,291,46.29),(601,400,53.54),(602,314,31.64),(602,315,23.75),(602,353,30.35),(602,398,26.51),(602,409,43.74),(602,469,34.80),(603,202,33.09),(603,241,26.40),(603,282,36.72),(603,302,40.37),(603,335,28.35),(603,452,48.71),(607,205,49.42),(607,313,46.09),(607,362,30.90),(607,423,32.22),(610,268,33.86),(610,352,32.88),(610,360,37.30),(610,381,24.36),(610,404,36.50),(610,449,38.42),(611,269,53.66),(611,404,31.88),(611,408,33.66),(612,224,34.84),(612,231,40.53),(612,247,41.91),(612,303,51.05),(613,209,35.04),(613,223,19.01),(613,247,23.86),(613,346,33.42),(613,367,49.63),(616,208,28.64),(616,226,38.92),(616,286,47.58),(616,422,48.33),(616,427,32.88),(617,215,19.90),(617,276,21.25),(617,361,38.08),(617,383,37.62),(617,431,37.63),(617,473,39.73),(618,223,30.12),(618,226,41.69),(618,404,41.64),(618,408,53.03),(620,207,27.26),(620,277,48.26),(620,333,34.61),(620,430,23.02),(620,443,35.53),(623,201,30.97),(623,358,38.51),(623,412,45.64),(625,231,39.42),(625,277,50.41),(625,334,47.75),(625,346,25.86),(625,376,23.62),(625,424,30.53),(626,201,33.70),(626,261,43.47),(626,309,44.69),(626,339,25.42),(626,401,41.99),(627,214,53.16),(627,262,22.51),(627,343,27.94),(627,369,22.62),(627,388,21.87),(628,201,33.03),(628,208,25.55),(628,223,48.68),(628,323,51.57),(628,349,47.93),(628,476,32.74),(629,231,46.59),(629,335,31.77),(629,359,46.18),(629,361,41.14),(629,431,40.41),(629,476,43.27),(631,204,34.60),(631,212,48.89),(631,241,24.98),(631,417,51.62),(631,435,46.71),(631,468,22.44),(632,325,32.28),(632,343,32.35),(632,421,28.71),(632,460,27.48),(633,213,50.99),(633,281,48.57),(633,303,50.27),(633,375,50.11),(633,383,23.12),(633,416,43.58),(634,271,23.18),(634,350,32.69),(634,370,31.71),(634,399,36.79),(634,412,25.42),(634,452,38.79),(638,329,22.40),(638,345,26.46),(638,346,46.13),(638,441,33.84),(638,456,27.24),(639,232,43.43),(639,287,30.94),(639,321,19.09),(640,265,22.69),(640,337,51.82),(640,370,30.75),(640,453,34.78),(640,476,49.31),(641,230,41.91),(641,299,38.12),(641,324,39.14),(641,403,45.87),(641,453,33.27),(642,260,42.69),(642,268,48.90),(642,269,22.47),(642,270,25.80),(642,324,22.44),(642,347,23.63),(643,203,46.97),(643,436,35.01),(644,444,50.47),(644,445,22.65),(644,446,37.93),(645,206,32.46),(645,223,30.00),(645,284,49.29),(646,230,25.66),(646,265,48.48),(646,314,53.12),(646,348,21.89),(646,370,40.80),(649,219,48.50),(649,349,27.09),(649,463,42.14),(651,258,25.66),(651,270,51.52),(651,380,31.38),(651,457,25.93),(652,220,40.55),(652,244,32.02),(652,314,48.69),(652,361,41.53),(652,435,37.44),(652,449,51.50),(653,211,48.91),(653,255,23.54),(653,258,51.44),(653,472,34.71),(654,214,47.54),(654,254,34.04),(654,269,40.49),(654,295,28.64),(654,360,47.73),(654,418,40.82),(656,112,51.54),(656,232,35.30),(656,452,23.66),(656,463,32.99),(656,471,27.79),(657,239,19.78),(657,352,51.65),(657,357,26.49),(657,441,36.45),(657,462,29.96),(659,245,21.86),(659,285,27.76),(659,298,43.62),(659,318,50.56),(659,333,28.52),(660,223,19.21),(660,288,26.77),(660,350,33.75),(660,359,41.89),(660,414,47.61),(661,261,24.60),(661,363,53.71),(661,386,35.73),(661,414,52.53),(661,415,33.52),(661,437,41.42),(663,322,24.70),(663,347,50.45),(663,464,53.02),(664,332,40.45),(664,356,20.50),(664,450,42.59),(665,215,39.92),(665,274,30.30),(665,290,34.70),(665,304,43.51),(665,305,36.96),(666,228,33.55),(666,251,24.61),(666,255,34.93),(666,433,46.28),(666,476,44.92),(667,230,50.38),(667,292,26.10),(667,294,25.25),(668,268,35.67),(668,357,51.80),(668,369,31.58),(668,386,33.10),(668,420,35.26),(669,290,41.07),(669,313,20.64),(669,395,42.19),(669,452,38.62),(670,252,32.41),(670,269,31.40),(670,291,39.80),(670,327,39.35),(670,427,26.96),(670,452,22.12),(673,302,25.40),(673,313,46.13),(673,430,21.85),(673,453,28.27),(674,288,19.38),(674,292,47.54),(674,324,45.08),(674,356,28.78),(674,436,27.34),(674,455,25.79),(675,283,48.04),(675,362,38.31),(675,433,36.26),(675,451,53.17),(676,233,36.70),(676,339,47.46),(676,411,21.31),(677,200,23.23),(677,250,42.93),(677,286,38.38),(678,289,28.58),(678,291,52.77),(678,332,39.22),(678,389,47.05),(678,444,19.11),(680,235,35.63),(680,260,26.92),(680,423,37.56),(682,237,35.98),(682,246,21.34),(682,333,45.00),(682,421,38.50),(682,468,28.07),(683,205,44.81),(683,357,50.53),(683,358,28.18),(683,377,29.20),(684,308,49.27),(684,317,50.45),(684,365,46.60),(684,368,36.92),(685,297,37.28),(685,336,51.23),(685,378,33.89),(685,433,20.32),(685,449,38.72),(686,239,26.17),(686,396,37.44),(686,420,47.34),(687,200,49.46),(687,260,40.53),(687,294,20.58),(687,393,34.25),(687,447,51.88),(688,253,21.95),(688,311,43.78),(688,410,29.04),(689,211,40.89),(689,277,24.07),(689,303,20.31),(689,336,40.42),(689,403,29.21),(690,224,29.29),(690,280,51.45),(690,432,45.38),(690,446,25.34),(691,231,22.10),(691,241,48.31),(691,443,26.72),(692,112,50.55),(692,228,33.93),(692,268,34.14),(692,373,26.96),(692,473,35.83),(693,243,42.86),(693,275,19.32),(693,364,43.67),(693,371,29.74),(693,432,45.13),(693,439,28.95),(694,358,27.54),(694,361,36.52),(694,368,22.12),(694,418,52.75),(694,452,38.38),(695,112,22.78),(695,240,31.14),(695,317,51.70),(696,222,53.59),(696,420,42.07),(696,458,46.76),(697,270,26.89),(697,293,51.46),(697,341,52.65),(697,357,19.87),(698,242,28.29),(698,246,26.67),(698,283,33.19),(698,332,34.20),(698,448,50.05),(698,462,36.98),(700,316,23.54),(700,378,48.21),(700,399,37.20),(700,468,51.83),(701,203,45.75),(701,279,35.95),(701,321,24.44),(701,469,45.44),(702,206,20.09),(702,231,31.52),(702,435,39.98),(703,283,30.82),(703,334,37.95),(703,337,53.73),(703,404,43.89),(704,241,47.81),(704,262,26.79),(704,372,45.71),(704,423,49.25),(704,469,37.18),(705,254,39.34),(705,319,21.60),(705,341,19.36),(705,430,25.73),(705,440,51.56),(706,291,47.53),(706,298,23.81),(706,385,30.47),(706,476,40.85),(707,223,23.16),(707,340,40.76),(707,403,53.67),(707,424,52.07),(708,277,32.35),(708,295,31.50),(708,312,25.41),(708,385,36.91),(709,205,39.14),(709,296,33.32),(710,325,38.78),(710,343,28.24),(710,344,21.50),(710,358,45.23),(710,465,24.63),(711,286,21.93),(711,309,44.58),(711,374,46.04),(711,475,39.76),(712,256,22.34),(712,257,20.02),(712,262,28.55),(712,309,36.66),(712,393,23.27),(712,468,22.92),(714,272,39.63),(714,303,36.85),(714,339,30.21),(714,361,20.07),(714,367,33.57),(715,278,47.53),(715,329,19.26),(715,374,47.89),(715,375,20.90),(715,463,44.92),(716,336,38.74),(716,432,51.13),(716,458,41.19),(719,245,33.05),(719,256,53.68),(719,265,42.52),(721,293,25.56),(721,429,22.54),(721,436,22.71),(721,464,35.67),(722,274,22.04),(722,297,39.44),(722,389,38.10),(722,457,42.09),(723,236,34.40),(723,287,49.29),(723,321,47.62),(723,380,49.90),(724,329,48.56),(724,345,51.20),(724,354,43.18),(724,442,37.45),(725,245,42.77),(725,268,22.95),(725,362,40.99),(726,241,37.13),(726,250,52.59),(726,281,21.78),(726,298,27.38),(726,314,44.17),(726,400,21.78),(728,213,37.15),(728,237,19.04),(728,269,32.76),(728,423,39.64),(728,443,25.85),(730,237,46.45),(730,258,40.93),(730,265,46.86),(730,272,32.14),(734,381,50.42),(734,436,31.60),(735,268,24.39),(735,295,46.74),(735,322,30.89),(735,337,40.09),(735,355,32.76),(735,386,36.64),(736,112,20.66),(736,348,29.82),(736,398,27.13),(736,425,45.66),(736,426,40.62),(736,434,52.32),(737,257,51.23),(737,272,37.88),(737,306,22.78),(738,210,38.56),(738,275,47.87),(738,306,46.88),(738,313,42.26),(738,411,53.64),(739,230,22.40),(739,262,39.08),(739,319,45.33),(739,400,27.00),(739,475,48.82),(740,257,38.20),(740,314,35.09),(740,324,51.09),(740,352,31.73),(740,461,25.06),(742,259,45.84),(742,362,29.05),(745,284,38.04),(745,305,32.06),(745,423,26.04),(748,320,32.93),(748,339,48.02),(748,347,53.64),(748,380,25.20),(748,390,20.39),(748,431,35.07),(749,275,25.48),(749,320,25.18),(749,321,51.64),(749,343,36.23),(749,450,46.88),(749,462,40.08),(750,202,40.09),(750,222,23.60),(750,365,53.58),(751,279,39.68),(751,289,45.07),(751,364,48.00),(751,376,44.21),(752,320,42.36),(752,385,43.39),(752,448,44.89),(753,276,44.28),(753,283,34.12),(753,292,19.03),(753,341,24.77),(753,356,53.49),(753,401,26.13),(754,216,32.46),(754,335,23.41),(754,435,39.97),(756,230,43.62),(756,237,27.29),(756,251,42.09),(756,375,33.94),(756,455,21.59),(757,216,21.60),(757,243,22.12),(757,268,43.07),(757,465,33.96),(757,466,19.12),(757,467,34.52),(758,273,21.17),(758,320,33.12),(758,363,38.13),(758,372,39.57),(758,374,27.91),(758,386,38.15),(759,200,29.16),(759,214,25.47),(759,219,34.01),(759,288,33.39),(759,405,43.18),(759,417,50.51),(760,254,23.94),(760,277,35.97),(760,288,37.17),(760,291,27.06),(760,352,41.23),(761,202,46.06),(761,260,35.34),(761,307,28.65),(761,342,51.65),(761,385,20.33),(761,456,37.73),(762,217,52.18),(762,221,22.48),(762,418,34.48),(763,223,33.70),(763,239,41.94),(763,273,35.39),(763,325,49.70),(763,360,35.33),(764,213,25.37),(764,224,19.72),(764,257,25.20),(764,288,52.00),(764,305,41.67),(764,451,47.64),(765,276,28.71),(765,294,46.66),(765,324,25.92),(765,351,21.58),(765,373,44.53),(765,402,24.49),(766,208,53.61),(766,294,52.05),(766,366,45.85),(766,385,49.42),(766,430,40.55),(766,439,20.56),(767,255,50.30),(767,448,37.22),(767,472,36.20),(770,333,45.37),(770,415,24.99),(770,466,20.19),(771,110,19.30),(771,229,51.26),(771,266,51.02),(771,323,37.66),(771,423,28.57),(771,476,31.14),(772,332,44.64),(772,409,19.34),(772,414,28.58),(772,449,48.45),(772,451,37.36),(772,472,49.75),(773,231,32.98),(773,254,48.43),(773,342,44.54),(773,394,47.28),(775,337,41.19),(775,352,22.78),(775,378,43.06),(775,454,41.31),(776,245,29.86),(776,364,46.90),(776,471,24.58),(777,359,20.29),(777,398,25.10),(777,429,52.08),(779,269,19.98),(779,280,20.38),(779,375,25.73),(779,438,44.31),(780,110,35.71),(780,290,29.99),(780,365,25.07),(780,369,29.95),(780,398,53.98),(780,469,40.78),(781,290,49.20),(781,334,46.81),(781,376,51.60),(781,412,38.11),(781,461,21.38),(782,203,53.78),(782,216,52.01),(782,251,35.37),(782,288,49.42),(782,322,36.14),(783,366,44.84),(783,374,26.57),(783,400,38.65),(783,421,40.34),(783,457,28.71),(783,469,39.73),(784,238,35.18),(784,287,31.99),(784,316,27.14),(784,331,35.43),(784,338,21.75),(784,472,45.44),(785,203,41.43),(785,220,22.43),(785,233,46.49),(785,249,40.57),(785,381,53.81),(785,403,53.22),(786,254,22.21),(786,325,37.88),(786,359,49.39),(787,307,42.91),(787,324,50.55),(787,336,36.66),(789,216,50.85),(789,254,46.89),(789,265,21.38),(789,411,49.14),(789,464,24.59),(790,226,31.76),(790,231,45.94),(790,263,37.55),(790,327,30.93),(790,330,19.59),(790,337,46.04),(791,272,37.89),(791,277,24.11),(791,280,38.36),(791,392,38.87),(791,426,20.70),(791,432,51.55),(792,204,35.00),(792,222,34.78),(792,251,52.90),(792,365,35.49),(792,435,23.71),(792,453,46.03),(794,388,26.26),(794,394,45.63),(794,446,22.23),(795,249,22.42),(795,377,52.80),(795,383,42.78),(795,390,27.24),(795,411,40.03),(795,450,19.93),(796,227,33.67),(796,241,22.79),(796,314,27.02),(796,473,47.75),(797,200,21.01),(797,254,36.14),(797,417,25.92),(797,435,47.58),(798,245,42.17),(798,314,30.55),(798,320,30.42),(800,311,30.71),(800,319,40.05),(800,391,30.87),(800,397,49.40),(801,311,21.43),(801,383,26.22),(801,389,41.53),(801,432,40.01),(801,437,47.46),(801,464,23.52),(802,244,21.53),(802,293,46.84),(802,306,31.84),(802,403,42.04),(802,424,53.13),(804,246,39.42),(804,281,52.20),(804,396,22.00),(805,423,52.32),(805,428,51.85),(806,236,48.29),(806,343,20.24),(806,346,21.71),(807,412,50.22),(807,423,19.12),(807,442,46.32),(808,205,20.04),(808,311,53.41),(808,361,21.52),(808,430,40.50),(808,436,40.70),(808,466,25.23),(809,201,53.01),(809,281,19.42),(809,396,27.77),(809,407,45.35),(809,461,47.05),(811,213,29.38),(811,330,46.89),(811,336,25.36),(811,407,51.80),(811,437,37.81),(812,226,29.91),(812,255,36.44),(812,284,20.58),(812,355,48.15),(812,466,44.43),(812,470,32.06),(813,255,28.19),(813,287,29.24),(813,304,33.69),(813,362,52.76),(813,380,37.20),(813,382,29.86),(814,220,27.53),(814,224,50.14),(814,298,20.38),(814,368,51.61),(814,401,33.05),(815,110,52.83),(815,262,45.31),(815,376,53.61),(815,412,39.22),(815,419,26.38),(817,210,33.25),(817,225,38.89),(817,249,23.40),(817,424,32.91),(817,449,34.27),(817,452,40.72),(818,290,37.74),(818,291,21.65),(818,292,31.34),(818,293,40.69),(819,322,27.21),(819,349,51.13),(819,355,23.35),(819,393,42.90),(819,415,44.43),(820,247,52.24),(820,267,33.76),(820,275,27.80),(820,288,35.78),(820,379,41.50),(820,418,46.15),(822,220,35.22),(822,249,26.51),(822,258,42.58),(822,305,44.29),(822,375,52.89),(822,398,29.39),(823,224,37.23),(823,230,48.41),(823,262,41.39),(823,335,35.35),(823,339,42.70),(823,352,29.64),(824,236,22.27),(824,238,51.62),(824,260,34.49),(824,406,30.64),(824,437,42.63),(824,470,49.34),(825,241,50.73),(825,254,24.83),(825,283,43.14),(825,299,28.84),(825,312,25.43),(826,208,48.32),(826,246,42.17),(826,386,36.43),(826,390,26.07),(827,394,21.73),(827,458,19.69),(827,467,46.64),(828,248,25.96),(828,263,30.97),(828,352,27.57),(829,255,42.00),(829,313,48.10),(829,354,41.06),(829,381,32.80),(829,389,48.48),(829,411,53.99),(830,204,47.18),(830,326,30.23),(830,336,50.21),(830,468,36.36),(834,282,45.47),(834,327,44.11),(834,351,44.79),(834,439,41.50),(834,448,24.57),(835,242,51.58),(835,286,46.50),(835,309,23.05),(835,413,36.95),(836,112,43.27),(836,249,43.66),(836,400,39.57),(836,410,45.19),(838,227,44.95),(838,250,23.08),(838,277,49.22),(838,353,25.71),(838,460,20.12),(839,285,44.14),(839,373,52.33),(839,402,40.24),(839,461,26.46),(839,462,25.22),(841,309,42.40),(841,311,29.85),(841,392,41.48),(841,449,33.54),(841,461,31.08),(841,475,37.01),(842,265,40.56),(842,271,38.84),(842,308,24.33),(842,380,34.75),(842,459,45.97),(842,476,46.76),(844,202,29.40),(844,239,45.10),(844,388,19.77),(844,427,49.54),(845,268,26.81),(845,342,19.93),(845,384,28.12),(846,322,30.92),(846,368,23.73),(846,385,46.24),(847,240,20.32),(847,254,36.55),(847,367,51.30),(847,396,22.10),(847,407,44.86),(849,239,36.01),(849,246,53.23),(849,276,22.05),(849,288,26.34),(849,333,41.01),(849,418,23.00),(850,253,19.78),(850,254,25.06),(850,255,31.33),(850,287,37.49),(850,384,34.61),(850,435,23.25),(851,237,36.69),(851,240,33.90),(851,320,27.76),(851,435,44.74),(852,225,40.28),(852,366,20.04),(852,384,19.11),(855,202,40.72),(855,210,45.10),(855,252,47.24),(855,339,30.68),(855,376,20.16),(856,334,30.82),(856,370,38.20),(856,391,41.10),(856,409,20.63),(857,110,30.48),(857,254,41.69),(857,471,53.00),(857,475,33.09),(858,322,42.85),(858,349,49.20),(858,419,41.89),(858,439,34.58),(859,254,20.99),(859,339,40.90),(859,350,27.77),(859,367,23.40),(859,436,49.64),(859,465,35.07),(860,309,25.64),(860,318,50.40),(860,399,36.26),(861,282,22.98),(861,290,53.78),(861,302,24.85),(861,322,45.88),(861,389,21.35),(861,399,49.07),(862,296,22.32),(862,402,32.32),(862,475,40.64),(864,330,30.01),(864,374,27.51),(864,470,41.17),(865,208,26.47),(865,281,28.01),(865,300,43.20),(866,234,20.08),(866,275,42.16),(866,296,42.10),(866,358,20.99),(866,463,26.26),(867,206,44.07),(867,240,24.55),(867,318,39.55),(867,345,32.34),(867,389,43.23),(867,455,22.71),(868,235,48.91),(868,359,39.17),(868,406,19.32),(868,464,24.47),(869,234,28.42),(869,288,51.83),(869,317,48.80),(869,387,42.16),(869,428,37.61),(870,113,48.55),(870,240,44.06),(870,243,20.63),(870,388,36.57),(871,217,26.48),(871,267,29.58),(871,324,50.86),(871,332,39.61),(871,370,41.90),(871,380,23.21),(872,216,42.51),(872,313,44.03),(872,337,38.17),(873,248,23.08),(873,359,48.67),(873,441,19.46),(873,455,21.54),(874,113,49.84),(874,265,32.39),(874,318,29.45),(874,367,37.47),(874,450,53.59),(874,456,47.20),(875,282,36.02),(875,337,53.66),(875,368,41.65),(875,447,36.14),(877,256,41.30),(877,270,43.43),(877,284,34.31),(877,373,42.86),(877,462,36.38),(878,288,42.40),(878,289,26.41),(878,290,20.87),(878,303,41.09),(878,368,53.87),(878,442,20.53),(879,249,35.60),(879,250,22.66),(879,258,19.57),(879,341,22.25),(879,411,51.72),(879,416,42.06),(880,297,43.08),(880,342,24.61),(880,379,34.57),(881,277,38.17),(881,342,46.95),(881,347,30.01),(881,435,39.71),(881,443,20.72),(882,252,28.52),(882,321,33.39),(882,330,21.39),(882,372,23.48),(882,405,23.29),(882,447,53.19),(883,297,20.15),(883,429,39.59),(883,445,48.46),(885,211,38.75),(885,226,43.37),(885,249,52.03),(885,266,29.69),(885,427,44.65),(888,312,35.58),(888,358,19.26),(888,415,37.23),(889,202,42.86),(889,221,43.98),(889,254,25.54),(889,362,27.10),(889,468,24.55),(891,277,43.18),(891,297,41.32),(891,337,27.32),(891,388,52.66),(891,468,44.97),(892,351,38.44),(892,391,40.72),(892,412,51.05),(894,252,20.90),(894,382,39.54),(894,411,36.89),(895,237,29.49),(895,374,48.88),(895,415,24.27),(895,428,47.57),(895,457,34.73),(896,215,50.60),(896,262,51.82),(896,286,36.03),(896,334,21.98),(896,460,53.29),(897,202,53.83),(897,226,25.44),(897,251,42.48),(897,301,47.05),(897,309,21.92),(897,465,45.04),(898,228,52.72),(898,234,40.81),(898,317,41.74),(898,438,24.83),(899,213,19.22),(899,388,36.35),(899,417,49.73),(899,425,43.57),(899,429,38.04),(901,203,32.52),(901,247,30.37),(901,363,30.69),(901,382,22.39),(901,430,43.33),(902,112,38.05),(902,223,32.44),(902,359,34.60),(902,415,50.31),(902,453,42.65),(905,258,52.05),(905,269,19.68),(905,310,30.37),(905,311,39.43),(905,312,52.97),(906,234,28.54),(906,237,37.95),(906,240,30.76),(906,256,25.80),(906,362,46.66),(906,432,20.97),(907,203,50.10),(907,219,42.18),(907,349,23.93),(908,213,30.02),(908,289,45.71),(908,312,43.51),(908,331,21.18),(908,419,49.46),(909,256,30.87),(909,334,50.91),(909,369,30.87),(909,391,21.56),(909,406,47.63),(910,210,46.41),(910,302,19.55),(910,328,49.56),(911,277,32.07),(911,354,20.11),(911,356,22.28),(911,397,35.44),(911,461,43.09),(912,329,39.38),(912,346,50.32),(912,391,26.95),(912,456,32.61),(914,263,34.00),(914,305,36.56),(914,345,33.22),(914,350,39.57),(914,370,34.19),(914,449,44.53),(915,232,50.56),(915,278,28.05),(915,447,44.65),(916,270,35.73),(916,362,46.01),(916,371,21.63),(918,264,30.53),(918,281,37.73),(918,468,31.97),(919,113,25.77),(919,205,38.97),(919,212,38.36),(919,356,27.94),(920,238,49.77),(920,424,24.72),(920,438,29.94),(920,452,50.71),(921,212,49.84),(921,249,35.07),(921,365,20.00),(922,220,29.54),(922,237,51.50),(922,349,48.00),(922,391,31.51),(922,393,40.16),(923,112,41.12),(923,205,35.22),(923,247,50.24),(923,360,26.99),(923,383,45.07),(924,269,50.45),(924,363,41.78),(924,420,32.78),(924,455,19.56),(925,113,27.28),(925,252,37.56),(925,255,22.00),(925,290,44.16),(925,319,30.81),(926,292,39.25),(926,321,24.50),(926,345,33.78),(926,464,33.07),(927,226,27.61),(927,234,44.89),(927,259,32.35),(927,302,52.23),(927,340,48.18),(928,242,32.80),(928,329,35.65),(928,341,24.04),(928,346,28.10),(928,412,25.47),(928,457,24.78),(929,290,36.50),(929,323,52.28),(929,341,33.53),(929,348,32.13),(929,417,24.37),(929,432,23.58),(930,322,24.31),(930,323,23.69),(930,336,46.70),(930,369,36.56),(930,418,24.77),(931,214,46.69),(931,348,31.16),(931,376,31.76),(931,457,47.36),(931,459,46.33),(932,347,39.14),(932,375,23.98),(932,404,53.47),(932,462,36.42),(933,320,22.13),(933,358,34.72),(933,382,41.22),(933,404,38.02),(933,449,43.31),(934,357,30.85),(934,430,22.69),(934,438,53.95),(934,439,37.58),(936,217,24.65),(936,320,36.51),(936,321,46.54),(936,342,28.02),(936,415,45.18),(936,419,34.63),(937,297,45.09),(937,342,21.80),(937,401,25.38),(937,431,49.96),(937,462,28.05),(938,295,20.64),(938,314,47.12),(938,464,47.36),(940,393,26.76),(940,426,23.51),(940,433,53.24),(941,235,53.75),(941,276,20.29),(941,374,26.11),(941,422,39.11),(941,470,27.89),(942,220,41.87),(942,355,42.11),(942,382,44.51),(942,428,37.34),(947,368,25.79),(947,401,50.63),(947,425,51.76),(947,472,19.78),(948,225,26.70),(948,286,23.75),(948,367,43.25),(949,258,24.36),(949,266,44.06),(949,362,36.86),(949,387,27.23),(950,336,37.32),(950,348,22.56),(950,429,42.17),(951,112,30.47),(951,239,38.89),(951,293,51.12),(951,359,50.00),(951,411,34.58),(952,222,26.02),(952,233,48.14),(952,262,37.93),(952,292,32.44),(952,389,37.89),(955,266,24.53),(955,307,21.69),(955,377,30.41),(955,378,38.60),(955,379,52.24),(956,110,49.99),(956,229,44.55),(956,287,43.85),(956,475,28.57),(957,230,25.31),(957,317,28.60),(957,352,48.09),(957,389,26.32),(957,431,29.09),(958,211,53.31),(958,247,36.35),(958,327,24.05),(958,387,44.77),(958,472,27.18),(959,243,48.32),(959,244,46.57),(959,403,21.11),(959,466,45.52),(961,310,29.73),(961,336,20.74),(961,352,44.90),(961,461,29.99),(961,468,36.74),(964,110,40.38),(964,208,21.49),(964,209,53.04),(964,232,20.05),(964,367,27.13),(965,256,28.91),(965,367,51.17),(966,266,47.60),(966,285,20.92),(966,337,23.20),(966,385,34.24),(967,285,30.93),(967,390,41.41),(967,417,31.14),(967,426,34.83),(968,244,40.76),(968,277,28.36),(968,346,42.95),(968,375,28.97),(969,204,50.48),(969,281,30.30),(969,284,20.43),(969,330,25.94),(969,338,19.07),(969,436,26.15),(970,272,42.41),(970,374,24.29),(970,463,40.86),(971,245,40.85),(971,367,34.38),(971,377,43.18),(971,378,38.63),(971,472,44.43),(972,291,48.95),(972,341,30.19),(972,453,20.13),(972,454,26.05),(972,475,50.88),(973,305,22.87),(973,354,20.89),(973,433,51.87),(975,232,45.65),(975,262,50.19),(975,284,43.48),(975,329,53.01),(975,422,24.99),(976,232,49.79),(976,259,42.93),(976,289,31.01),(976,357,28.76),(976,377,43.96),(976,465,31.90),(977,113,39.42),(977,252,36.15),(977,275,40.37),(977,381,22.57),(977,420,29.57),(977,471,42.78),(978,200,47.09),(978,296,32.42),(978,312,49.19),(978,334,20.33),(978,371,28.42),(979,288,32.52),(979,321,31.07),(979,358,38.80),(981,276,52.60),(981,358,29.45),(981,384,24.85),(981,398,40.89),(982,220,20.52),(982,231,37.65),(982,370,29.92),(982,433,44.49),(983,221,47.45),(983,387,52.87),(983,424,46.61),(983,430,37.53),(983,439,23.85),(983,465,28.81),(985,237,46.20),(985,244,44.28),(985,245,21.18),(985,302,49.76),(985,376,29.52),(985,383,30.75),(986,262,31.16),(986,292,45.97),(986,410,45.69),(986,453,42.04),(987,219,47.69),(987,434,44.48),(988,221,47.72),(988,262,20.47),(988,455,35.22),(990,314,35.55),(990,416,48.83),(990,454,47.28),(991,232,22.20),(991,421,30.70),(991,431,20.33),(991,444,20.44),(992,243,53.73),(992,407,22.35),(992,437,42.17),(992,452,44.84),(992,462,31.00),(994,243,33.99),(994,270,44.71),(994,288,25.61),(994,347,43.23),(994,350,42.11),(995,201,35.27),(995,263,34.94),(995,410,52.47),(995,438,46.02),(995,454,23.69),(995,465,41.22),(997,235,23.83),(997,364,53.96),(997,427,40.66),(998,285,31.34),(998,350,24.84),(998,434,49.81),(998,472,25.95),(999,247,36.91),(999,259,48.34),(999,316,23.14),(999,323,39.06),(1000,253,42.92),(1000,254,25.24),(1000,255,48.42),(1000,325,42.37),(1001,386,38.04),(1001,424,39.83),(1001,429,21.79),(1001,445,45.84),(1002,236,45.59),(1002,248,31.14),(1002,353,46.96),(1002,459,26.55),(1003,228,48.20),(1003,301,28.62),(1003,329,31.16),(1003,374,48.63),(1003,398,27.18),(1004,218,24.99),(1004,237,40.16),(1004,323,44.71),(1004,369,36.84),(1004,375,24.02),(1004,423,33.59),(1005,204,28.64),(1005,219,25.14),(1005,247,22.35),(1005,262,41.85),(1005,419,45.61),(1007,276,34.87),(1007,328,47.60),(1007,421,47.52),(1008,274,24.28),(1008,283,23.04),(1008,440,33.72),(1008,446,35.64),(1009,266,53.27),(1009,267,24.87),(1009,353,47.87),(1009,432,39.16),(1009,436,33.74),(1010,216,36.03),(1010,285,44.49),(1010,386,44.14),(1012,222,34.42),(1012,270,24.47),(1012,306,35.39),(1012,420,37.35),(1012,429,45.92),(1012,441,50.35),(1014,110,33.75),(1014,221,34.05),(1014,291,23.81),(1014,332,20.07),(1014,387,38.57),(1014,439,49.99),(1015,216,33.95),(1015,217,42.98),(1016,212,39.34),(1016,232,36.93),(1016,311,38.29),(1016,347,29.59),(1016,363,47.62),(1016,469,49.09),(1017,277,44.07),(1017,294,44.95),(1017,306,27.20),(1017,391,35.68),(1017,432,19.14),(1018,286,20.20),(1018,330,30.09),(1018,413,37.08),(1018,446,33.78),(1019,110,32.59),(1019,224,51.29),(1019,302,19.98),(1019,318,44.07),(1019,428,35.62),(1019,476,34.70),(1021,214,24.58),(1021,241,27.73),(1021,323,31.82),(1021,345,37.71),(1021,370,25.79),(1022,264,48.94),(1022,379,48.96),(1022,391,47.28),(1022,412,43.83),(1022,444,32.82),(1022,464,44.27),(1023,213,25.26),(1023,318,26.56),(1024,248,45.65),(1024,275,41.67),(1024,305,27.71),(1024,329,29.56),(1024,475,30.55),(1026,296,46.60),(1026,383,31.98),(1026,405,19.77),(1027,215,53.01),(1027,379,49.15),(1027,424,30.61),(1027,440,29.89),(1028,296,43.76),(1028,318,47.51),(1028,449,34.94),(1029,263,32.82),(1029,302,23.08),(1029,450,38.21),(1029,461,41.63),(1029,464,19.40),(1029,470,44.92),(1031,228,23.29),(1031,307,51.28),(1031,392,25.22),(1031,412,21.77),(1031,454,24.06),(1032,214,19.87),(1032,303,52.62),(1032,322,27.49),(1032,333,26.80),(1032,430,51.40),(1032,432,23.83),(1033,203,31.49),(1033,297,30.04),(1033,376,21.12),(1034,214,44.13),(1034,259,45.62),(1034,337,39.00),(1034,457,43.32),(1036,112,45.62),(1036,206,52.18),(1036,218,50.31),(1036,394,30.42),(1036,411,52.58),(1037,267,41.06),(1037,297,26.83),(1037,321,51.90),(1037,387,21.46),(1037,415,47.30),(1038,275,47.78),(1038,286,33.15),(1038,368,43.14),(1038,430,47.25),(1040,252,48.08),(1040,404,46.59),(1040,423,23.26),(1042,244,39.63),(1042,260,31.52),(1042,302,49.38),(1042,448,25.46),(1042,461,30.45),(1043,313,45.25),(1043,379,42.02),(1043,468,32.35),(1044,314,21.90),(1044,336,27.01),(1044,418,19.72),(1044,435,32.69),(1044,461,44.48),(1044,462,40.86),(1046,222,45.97),(1046,232,45.59),(1046,292,19.50),(1046,435,45.46),(1047,217,38.49),(1047,358,48.10),(1047,390,23.24),(1047,427,36.06),(1047,468,53.44),(1048,284,33.53),(1048,330,28.67),(1048,442,22.65),(1049,218,21.81),(1049,220,22.57),(1049,223,28.70),(1049,303,21.71),(1049,367,22.33),(1049,410,38.94),(1050,324,45.77),(1050,400,22.32),(1050,446,27.79),(1050,470,38.94),(1051,287,29.28),(1051,288,19.14),(1051,423,32.37),(1051,461,47.26),(1051,465,36.08),(1052,112,51.24),(1052,262,40.53),(1052,349,34.70),(1052,377,49.65),(1052,393,32.90),(1052,434,39.18),(1053,110,53.99),(1053,269,47.51),(1053,377,19.41),(1053,439,52.69),(1054,216,21.16),(1054,230,45.19),(1054,255,36.11),(1054,268,33.62),(1054,282,25.99),(1054,292,37.63),(1055,211,23.72),(1055,270,28.84),(1055,376,24.54),(1055,399,19.01),(1057,366,31.40),(1057,413,38.69),(1058,317,28.60),(1058,337,43.67),(1058,377,33.58),(1058,381,23.41),(1060,262,27.10),(1060,263,29.96),(1060,264,46.19),(1060,265,49.00),(1060,266,27.19),(1060,392,34.92),(1061,262,35.67),(1061,383,39.26),(1061,388,51.70),(1061,451,44.62),(1062,242,52.13),(1062,308,35.18),(1062,317,47.88),(1062,403,42.34),(1062,461,44.66),(1063,112,34.90),(1063,237,31.13),(1063,255,41.46),(1065,284,51.31),(1065,331,29.31),(1065,366,52.95),(1065,392,44.03),(1065,428,52.83),(1066,112,48.40),(1066,200,47.30),(1066,244,25.88),(1066,326,34.86),(1067,295,45.32),(1067,382,38.68),(1067,401,43.07),(1069,305,23.85),(1069,420,28.21),(1069,446,32.74),(1069,473,27.16),(1070,402,22.77),(1070,403,49.62),(1070,437,20.79),(1071,110,37.54),(1071,299,43.15),(1071,331,34.95),(1071,379,21.90),(1072,217,50.09),(1072,317,42.17),(1072,341,40.35),(1072,433,43.00),(1072,444,34.92),(1073,215,41.63),(1073,435,46.82),(1073,447,19.99),(1073,472,46.16),(1075,276,20.92),(1075,331,23.30),(1075,375,50.67),(1077,229,47.02),(1077,267,42.62),(1077,284,23.74),(1077,341,38.78),(1077,472,29.76),(1078,200,21.10),(1078,302,40.76),(1078,371,25.48),(1078,406,29.78),(1079,244,31.05),(1079,307,28.05),(1079,386,52.12),(1079,473,43.43),(1080,221,40.33),(1080,264,31.00),(1080,303,23.47),(1080,417,42.23),(1081,253,35.44),(1081,268,43.71),(1081,307,44.81),(1081,352,30.11),(1081,436,32.84),(1082,208,22.83),(1082,318,53.30),(1082,355,25.06),(1082,412,51.40),(1083,263,43.11),(1083,339,32.86),(1083,445,19.01),(1083,465,34.32),(1084,203,39.07),(1084,216,21.34),(1084,309,27.87),(1084,353,33.01),(1084,408,27.72),(1085,279,40.26),(1085,372,27.83),(1085,429,32.87),(1085,474,21.55),(1086,232,26.84),(1086,245,39.83),(1086,282,50.80),(1086,474,30.06),(1087,207,45.70),(1087,259,42.74),(1087,293,19.25),(1087,345,35.78),(1087,346,22.60),(1087,406,22.12),(1088,304,53.16),(1088,306,36.13),(1088,395,35.22),(1088,465,34.65),(1089,214,40.85),(1089,276,21.84),(1089,295,20.28),(1089,318,28.76),(1089,426,31.14),(1090,337,45.60),(1090,404,40.90),(1090,418,48.73),(1090,424,31.92),(1090,469,21.03),(1092,112,32.42),(1092,303,29.71),(1092,405,39.36),(1092,447,30.31),(1092,460,49.47),(1093,211,46.67),(1093,251,46.46),(1093,263,29.56),(1093,340,39.93),(1093,413,40.67),(1095,247,25.71),(1095,318,29.74),(1095,381,49.94),(1095,407,52.58),(1096,207,36.83),(1096,284,44.86),(1096,393,40.10),(1097,237,50.61),(1097,304,45.14),(1097,442,19.85),(1098,112,47.78),(1098,311,41.35),(1098,397,45.17),(1101,230,39.65),(1101,240,33.99),(1101,304,20.39),(1102,214,46.28),(1102,233,40.14),(1102,248,19.49),(1102,254,22.56),(1102,299,45.75),(1102,431,42.86),(1103,220,43.77),(1103,366,36.04),(1103,391,29.87),(1103,426,42.94),(1104,246,53.99),(1104,295,50.23),(1104,313,30.45),(1104,318,32.24),(1104,335,52.56),(1104,456,49.57),(1105,252,37.86),(1105,258,51.50),(1105,362,39.70),(1105,437,30.92),(1106,243,23.71),(1106,297,46.08),(1106,378,50.90),(1106,463,31.32),(1107,277,19.64),(1107,285,28.80),(1107,326,27.78),(1107,369,25.98),(1107,462,27.57),(1108,327,19.89),(1108,383,36.23),(1108,418,48.29),(1108,422,43.75),(1109,276,26.67),(1109,279,53.46),(1109,308,22.11),(1109,352,25.01),(1109,370,47.99),(1109,377,33.30),(1110,265,25.65),(1110,306,41.28),(1110,326,32.51),(1110,342,21.07),(1110,443,20.45),(1111,263,34.13),(1111,427,23.55),(1113,303,51.62),(1113,337,47.11),(1113,346,40.65),(1113,347,20.88),(1113,434,26.73),(1114,260,51.35),(1114,360,50.99),(1114,400,24.09),(1114,419,23.66),(1115,112,48.64),(1115,216,47.94),(1115,233,47.82),(1115,240,20.99),(1115,312,47.12),(1115,414,19.90),(1116,306,43.58),(1116,414,49.69),(1116,434,20.37),(1116,444,28.33),(1117,255,21.35),(1117,300,40.20),(1117,318,52.65),(1117,341,24.05),(1118,266,19.68),(1118,301,21.68),(1118,392,40.94),(1119,298,19.62),(1119,338,21.42),(1119,355,44.74),(1119,357,23.86),(1119,446,36.04),(1120,291,42.23),(1120,310,49.42),(1120,318,26.95),(1120,441,43.89),(1121,266,52.97),(1121,296,46.91),(1121,349,51.53),(1121,438,31.31),(1124,363,19.12),(1124,390,21.15),(1124,397,27.27),(1124,404,29.79),(1124,416,37.59),(1124,423,44.58),(1125,261,20.45),(1125,307,26.08),(1125,332,40.92),(1125,341,24.39),(1125,385,46.44),(1125,406,48.95),(1126,277,23.65),(1126,285,49.94),(1126,432,25.77),(1126,447,24.50),(1126,452,38.90),(1127,219,46.59),(1127,238,26.63),(1127,241,21.48),(1127,383,29.05),(1127,405,22.52),(1127,447,33.99),(1128,274,21.75),(1128,305,20.44),(1128,373,52.92),(1128,448,23.11),(1128,470,44.30),(1129,327,47.23),(1129,352,34.47),(1129,391,39.03),(1129,433,36.25),(1130,234,46.82),(1130,304,44.08),(1130,316,33.27),(1130,325,25.61),(1130,334,33.86),(1130,418,46.93),(1131,349,29.43),(1131,360,41.25),(1131,399,20.92),(1131,474,52.60),(1133,237,48.75),(1133,255,38.34),(1133,274,33.29),(1133,412,26.46),(1134,231,30.88),(1134,355,34.65),(1134,453,21.91),(1135,201,41.79),(1135,206,52.83),(1135,221,23.33),(1135,328,26.16),(1135,417,27.48),(1135,424,19.16),(1136,223,33.93),(1136,230,39.25),(1136,265,24.44),(1136,306,32.99),(1136,336,28.83),(1136,461,19.06),(1137,265,24.24),(1137,270,34.24),(1137,342,30.63),(1137,392,44.47),(1137,411,34.32),(1138,302,38.30),(1138,315,19.38),(1138,344,47.28),(1138,361,20.93),(1138,421,30.65),(1139,219,43.01),(1139,271,38.10),(1139,292,38.81),(1139,393,25.74),(1139,439,28.29),(1139,442,44.22),(1140,242,42.19),(1140,341,23.27),(1140,398,19.65),(1140,455,35.69),(1141,247,40.99),(1141,252,31.48),(1141,272,39.82),(1141,297,51.38),(1141,299,53.97),(1141,429,37.87),(1143,204,32.16),(1143,296,33.43),(1143,314,47.21),(1143,415,38.31),(1143,475,46.79),(1144,110,41.36),(1144,217,26.86),(1144,218,27.77),(1144,308,42.95),(1144,339,49.12),(1144,473,37.21),(1145,289,19.70),(1145,291,20.65),(1145,379,52.56),(1145,381,44.85),(1146,228,40.70),(1146,464,49.61),(1148,202,50.17),(1148,288,40.24),(1148,293,41.14),(1148,381,32.34),(1148,386,36.20),(1150,249,38.01),(1150,255,32.40),(1150,319,43.75),(1150,384,33.09),(1151,247,24.01),(1151,324,51.23),(1151,386,21.12),(1151,443,28.27),(1151,476,19.44),(1152,204,49.79),(1152,212,46.37),(1152,228,49.52),(1152,241,28.49),(1152,392,22.06),(1152,446,47.94),(1153,229,46.83),(1153,266,21.23),(1153,314,46.48),(1153,325,22.76),(1153,354,31.10),(1153,397,37.91),(1155,213,40.42),(1155,263,27.05),(1155,273,49.32),(1155,342,38.45),(1155,365,25.28),(1156,110,53.67),(1156,252,35.81),(1156,272,34.03),(1156,292,43.73),(1156,373,36.19),(1157,318,45.21),(1157,426,47.87),(1157,462,53.06),(1160,234,29.30),(1160,328,39.50),(1160,394,33.36),(1161,224,44.34),(1161,238,48.24),(1161,276,37.12),(1161,356,39.83),(1161,426,21.93),(1161,460,19.17),(1162,215,25.55),(1162,227,31.45),(1162,367,47.54),(1162,469,37.44),(1163,110,32.23),(1163,211,23.17),(1163,271,20.77),(1163,291,52.13),(1163,367,34.55),(1163,452,34.80),(1164,412,35.78),(1164,457,47.62),(1164,458,25.75),(1166,206,39.31),(1166,346,52.77),(1166,399,48.70),(1166,426,36.58),(1167,314,32.79),(1167,378,22.00),(1167,396,36.74),(1167,432,51.25),(1167,433,37.82),(1168,219,26.86),(1168,281,20.47),(1168,357,38.01),(1168,376,39.33),(1169,249,27.19),(1169,273,31.85),(1169,439,26.48),(1169,458,41.82),(1170,241,48.44),(1170,252,35.02),(1170,259,35.67),(1170,314,41.50),(1170,424,28.69),(1170,469,49.15),(1172,207,28.67),(1172,226,35.00),(1172,299,41.45),(1172,406,29.86),(1173,322,48.98),(1173,404,29.76),(1174,331,23.21),(1174,426,21.46),(1175,236,22.79),(1175,363,46.13),(1176,266,45.88),(1176,402,36.02),(1177,200,30.07),(1177,260,44.48),(1177,307,37.74),(1177,425,20.18),(1177,470,53.45),(1178,233,36.40),(1178,293,30.27),(1178,300,24.69),(1178,416,46.10),(1179,250,51.56),(1179,321,23.25),(1179,336,28.50),(1179,410,32.09),(1179,415,21.75),(1179,436,46.74),(1180,233,26.10),(1180,252,39.20),(1180,279,30.40),(1180,318,20.30),(1181,267,47.56),(1181,297,25.23),(1182,204,35.35),(1182,266,47.72),(1182,350,41.24),(1182,397,49.57),(1182,403,38.09),(1184,254,47.12),(1184,313,46.75),(1184,325,41.32),(1185,422,38.89),(1185,455,23.79),(1186,301,23.46),(1186,307,33.66),(1186,390,29.67),(1186,393,32.57),(1186,404,43.93),(1187,211,29.55),(1187,309,26.74),(1187,386,39.82),(1187,392,48.55),(1187,406,40.04),(1187,411,30.10),(1188,247,43.95),(1188,275,33.44),(1188,363,40.43),(1188,388,49.47),(1188,412,39.31),(1188,415,34.75),(1189,265,50.58),(1189,278,50.12),(1190,219,45.20),(1190,324,32.13),(1190,334,19.90),(1190,342,41.06),(1192,257,48.49),(1192,309,50.74),(1192,400,37.70),(1192,412,28.67),(1192,423,28.35),(1192,472,40.55),(1193,223,33.93),(1193,419,21.07),(1194,412,29.80),(1195,283,45.96),(1195,305,25.33),(1195,324,33.33),(1195,390,23.12),(1195,462,36.44),(1195,466,36.65),(1196,224,25.21),(1196,287,44.03),(1196,356,35.31),(1196,433,26.17),(1196,464,25.52),(1199,241,21.30),(1199,312,37.90),(1200,408,30.38),(1200,423,38.60),(1201,205,42.76),(1201,262,29.88),(1201,335,51.85),(1201,338,40.89),(1202,222,21.21),(1202,328,49.58),(1203,205,31.64),(1203,229,47.44),(1203,320,24.59),(1203,348,41.21),(1203,387,34.87),(1203,457,38.04),(1204,206,28.14),(1204,300,25.97),(1204,390,34.01),(1204,421,52.57),(1204,465,36.90),(1205,234,20.93),(1205,309,38.97),(1206,349,45.47),(1206,426,40.97),(1207,320,53.38),(1208,254,23.68),(1208,467,37.86),(1209,280,30.81),(1209,404,38.46),(1210,214,30.03),(1210,344,27.98),(1211,211,53.06),(1211,253,35.85),(1211,271,47.39),(1211,369,33.75),(1212,311,43.76),(1212,330,30.40),(1212,338,29.44),(1212,410,32.59),(1212,458,30.43),(1212,463,44.81),(1213,243,45.64),(1213,271,38.99),(1214,350,24.44),(1214,352,33.84),(1214,384,24.06),(1214,395,41.86),(1214,409,26.06),(1214,415,23.12),(1215,257,32.29),(1215,390,45.45),(1215,426,41.11),(1216,235,30.71),(1216,241,32.61),(1216,243,28.87),(1216,254,22.45),(1216,326,30.41),(1216,448,19.25),(1218,241,28.92),(1218,264,38.08),(1218,332,43.11),(1218,376,42.77),(1219,227,37.96),(1219,313,51.18),(1219,363,53.04),(1219,371,51.54),(1220,203,21.37),(1220,209,44.74),(1220,255,40.57),(1220,445,37.94),(1220,448,49.73),(1220,450,21.51),(1221,210,43.58),(1221,241,47.74),(1221,275,48.16),(1221,279,52.38),(1221,439,19.43),(1222,305,34.69),(1222,422,32.78),(1223,230,36.63),(1223,265,37.97),(1223,335,53.73),(1223,411,25.97),(1224,223,41.29),(1224,237,27.34),(1224,311,28.83),(1224,314,43.12),(1224,359,30.04),(1225,230,41.59),(1225,262,25.57),(1225,300,45.75),(1225,461,26.39),(1226,255,21.20),(1226,305,26.71),(1226,389,41.85),(1226,404,19.46),(1227,366,29.14),(1227,415,28.73),(1228,262,21.64),(1228,399,51.19),(1229,239,44.91),(1229,292,45.07),(1229,309,48.27),(1229,429,25.76),(1229,444,24.05),(1231,110,51.48),(1231,297,39.37),(1231,402,44.72),(1232,235,25.18),(1232,279,46.45),(1232,340,43.71),(1233,254,41.67),(1233,368,53.44),(1234,201,34.59),(1234,265,34.85),(1234,272,28.04),(1235,412,41.89),(1237,299,19.08),(1237,375,39.87),(1238,233,36.97),(1238,315,32.34),(1238,419,44.60),(1239,208,34.77),(1239,312,20.04),(1240,203,41.41),(1240,321,26.13),(1240,415,35.08),(1240,423,20.09),(1242,291,33.05),(1242,392,28.15),(1242,429,50.72),(1242,461,26.77),(1243,269,53.30),(1243,417,36.77),(1243,440,48.86),(1244,410,53.01),(1244,460,36.69),(1245,249,36.58),(1245,256,27.37),(1245,286,44.15),(1245,322,50.05),(1245,424,51.61),(1247,253,32.94),(1247,393,30.09),(1248,110,48.75),(1248,250,39.26),(1248,258,26.90),(1248,394,31.26),(1248,444,26.61),(1249,229,35.52),(1249,328,46.71),(1249,363,34.45),(1249,427,21.55),(1249,440,46.83),(1249,455,41.19),(1250,210,44.89),(1250,248,51.35),(1250,338,20.01),(1251,209,20.84),(1251,261,28.68),(1251,271,52.51),(1251,293,22.56),(1251,336,41.04),(1252,232,32.46),(1252,314,50.53),(1252,383,20.39),(1252,412,47.66),(1252,439,22.47),(1253,251,45.28),(1253,373,30.91),(1253,377,33.54),(1253,386,44.68),(1253,409,49.67),(1253,430,23.73),(1254,284,44.44),(1254,353,21.07),(1254,380,48.16),(1254,415,47.61),(1254,418,36.24),(1254,449,23.71),(1255,356,39.77),(1256,253,47.91),(1256,379,27.79),(1256,456,23.06),(1257,202,28.72),(1257,242,39.56),(1257,355,19.28),(1257,409,53.18),(1258,290,23.09),(1258,433,48.25),(1259,237,42.50),(1259,280,23.57),(1259,307,42.86),(1259,358,24.79),(1259,396,48.01),(1259,415,34.24),(1260,112,45.14),(1260,244,45.50),(1260,251,42.80),(1260,260,24.58),(1260,348,30.79),(1260,445,31.30),(1261,231,52.84),(1261,281,29.64),(1261,291,41.43),(1261,336,39.91),(1261,431,21.64),(1263,288,29.92),(1263,408,47.37),(1264,237,26.82),(1264,250,24.15),(1264,300,36.58),(1264,356,27.11),(1264,364,21.29),(1264,435,50.00),(1265,297,52.95),(1265,416,47.19),(1265,428,25.44),(1265,429,36.66),(1266,239,20.64),(1266,302,46.71),(1266,344,23.59),(1266,348,21.20),(1266,372,48.42),(1267,247,23.92),(1267,269,35.61),(1267,357,31.76),(1267,430,22.95),(1268,202,39.00),(1268,245,47.16),(1269,283,51.08),(1269,316,28.05),(1269,338,19.05),(1269,354,36.31),(1269,378,43.40),(1272,219,36.88),(1272,270,38.60),(1273,200,27.36),(1273,215,39.53),(1273,245,27.09),(1273,310,23.49),(1273,318,34.22),(1273,378,37.31),(1274,343,19.76),(1274,366,47.33),(1274,396,24.16),(1274,425,40.15),(1274,472,41.49),(1275,259,31.75),(1275,267,46.02),(1275,273,19.38),(1275,331,52.63),(1277,310,53.22),(1277,451,52.66),(1277,467,49.65),(1281,255,51.45),(1281,300,28.82),(1281,375,38.78),(1281,415,46.80),(1281,439,25.64),(1282,221,24.66),(1282,259,21.78),(1282,453,50.93),(1283,272,47.39),(1283,288,39.73),(1283,300,28.75),(1284,356,35.55),(1284,366,49.59),(1284,404,44.96),(1285,321,46.92),(1285,347,39.70),(1285,412,37.00),(1287,222,21.14),(1287,271,30.74),(1287,348,28.36),(1287,472,41.91),(1287,476,32.04),(1288,202,41.22),(1288,239,36.60),(1288,296,32.84),(1288,297,46.33),(1288,313,53.57),(1288,420,50.90),(1290,299,49.95),(1290,337,43.50),(1290,399,39.08),(1291,271,53.94),(1292,299,44.90),(1292,341,45.39),(1292,346,28.31),(1292,382,22.86),(1292,437,35.72),(1293,275,44.76),(1293,345,42.73),(1293,352,30.70),(1293,363,41.57),(1293,439,41.06),(1296,252,50.38),(1296,298,50.94),(1296,301,46.83),(1296,311,27.96),(1296,407,46.62),(1296,420,27.31),(1299,231,31.65),(1299,358,47.23),(1300,113,52.87),(1300,228,25.64),(1300,239,28.42),(1300,309,42.11),(1300,395,20.30),(1301,301,39.23),(1301,333,23.82),(1302,291,52.17),(1303,203,22.09),(1303,243,41.78),(1303,321,53.65),(1304,232,33.07),(1305,284,19.51),(1305,361,21.07),(1305,387,38.13),(1305,399,47.14),(1305,416,27.37),(1305,432,49.91),(1306,308,23.63),(1306,310,34.25),(1306,385,39.76),(1306,417,25.93),(1306,426,36.07),(1307,266,43.92),(1307,361,19.23),(1307,453,26.14),(1307,465,40.91),(1307,467,37.13),(1308,367,24.08),(1308,405,27.78),(1308,452,36.20),(1309,201,24.86),(1309,262,41.81),(1309,340,23.68),(1309,412,43.98),(1311,265,21.30),(1311,268,30.85),(1311,391,33.57),(1311,443,21.80),(1312,344,43.24),(1312,475,27.78),(1313,251,49.30),(1313,285,33.38),(1313,297,20.89),(1313,356,35.01),(1314,209,33.15),(1317,292,52.62),(1317,370,19.95),(1318,217,24.73),(1318,248,34.44),(1318,257,40.38),(1318,458,53.53),(1319,392,30.70),(1319,425,20.79),(1320,265,36.53),(1320,299,48.56),(1321,217,27.22),(1321,250,39.81),(1321,383,48.34),(1321,392,42.10),(1322,230,42.86),(1322,359,52.21),(1322,453,38.68),(1323,284,26.52),(1323,315,28.53),(1324,212,53.70),(1324,375,42.09),(1326,206,41.88),(1326,217,45.15),(1326,243,25.11),(1326,331,19.96),(1326,474,19.95),(1327,357,41.72),(1327,399,40.53),(1327,411,36.89),(1327,436,43.94),(1329,301,22.46),(1329,354,30.20),(1329,465,21.04),(1330,207,28.33),(1330,352,44.06),(1331,220,28.04),(1331,277,50.23),(1331,373,44.70),(1331,390,39.76),(1331,442,40.51),(1331,451,45.03),(1333,208,21.80),(1333,298,30.08),(1333,419,43.12),(1333,456,50.90),(1333,475,48.03),(1334,200,43.90),(1334,233,21.64),(1334,410,27.47),(1335,255,23.16),(1335,369,53.71),(1335,439,37.33),(1335,442,36.49),(1336,204,40.57),(1336,304,43.65),(1336,311,50.72),(1336,392,33.65),(1336,446,37.84),(1336,465,32.11),(1338,239,32.12),(1338,340,47.61),(1338,354,38.98),(1339,204,24.63),(1339,324,53.89),(1339,369,36.56),(1339,407,40.08),(1339,440,52.26),(1341,200,26.52),(1341,236,34.71),(1341,263,31.01),(1341,316,43.52),(1341,416,22.11),(1342,236,47.23),(1342,376,19.36),(1342,402,23.42),(1342,468,41.10),(1343,209,36.87),(1343,299,44.22),(1343,351,32.70),(1343,458,20.08),(1344,220,43.35),(1344,232,51.51),(1344,279,43.44),(1344,326,28.10),(1344,430,33.17),(1345,236,31.00),(1345,305,27.40),(1347,298,39.21),(1347,456,33.64),(1348,240,51.98),(1348,246,33.99),(1351,240,45.49),(1351,340,26.12),(1351,383,45.12),(1351,384,25.77),(1351,400,23.24),(1352,323,30.46),(1352,450,24.55),(1354,244,33.10),(1354,257,34.28),(1354,354,23.51),(1354,358,52.65),(1354,396,42.49),(1354,466,46.87),(1355,341,51.52),(1355,442,20.52),(1355,466,49.36),(1356,278,53.38),(1356,318,47.44),(1357,234,19.93),(1357,244,53.49),(1358,227,25.36),(1358,421,48.96),(1358,454,35.81),(1359,345,23.80),(1361,207,35.96),(1361,217,45.91),(1361,283,52.54),(1361,312,46.62),(1361,384,38.18),(1361,405,29.03),(1362,215,50.83),(1362,221,29.79),(1362,310,45.97),(1362,337,23.34),(1362,340,51.40),(1362,441,24.92),(1363,225,25.84),(1363,458,32.94),(1363,459,28.73),(1364,368,28.95),(1364,463,25.76),(1365,308,36.49),(1366,244,35.64),(1366,305,39.68),(1366,318,40.44),(1366,324,43.23),(1366,352,49.70),(1366,399,40.83),(1368,232,46.75),(1368,319,40.04),(1368,433,29.93),(1368,448,49.75),(1368,466,39.64),(1369,204,43.28),(1369,212,41.78),(1369,235,32.79),(1369,306,28.54),(1369,428,26.81),(1369,453,28.84),(1370,221,22.06),(1370,245,22.14),(1370,265,24.28),(1370,358,52.98),(1370,405,33.00),(1370,433,35.96),(1374,419,29.86),(1374,433,42.69),(1374,441,34.90),(1375,264,44.52),(1375,378,30.36),(1375,422,51.81),(1375,456,43.83),(1375,462,26.11),(1375,474,34.24),(1376,274,20.21),(1376,286,30.60),(1376,372,25.23),(1376,475,46.52),(1378,269,30.97),(1378,310,25.29),(1378,369,27.44),(1378,420,25.14),(1378,442,47.80),(1379,261,27.52),(1379,274,30.53),(1379,320,26.84),(1379,323,26.01),(1379,453,20.62),(1380,314,26.04),(1380,363,30.90),(1380,387,53.50),(1381,200,27.96),(1381,301,46.19),(1381,314,21.91),(1381,356,36.54),(1381,417,53.00),(1382,216,26.46),(1382,261,32.78),(1382,334,29.72),(1382,378,38.51),(1382,415,37.37),(1382,436,43.11),(1384,376,46.31),(1384,418,32.08),(1385,270,27.93),(1385,446,22.66),(1386,290,23.75),(1386,310,38.32),(1386,345,19.78),(1387,354,29.58),(1387,475,21.41),(1388,248,21.97),(1388,259,23.69),(1388,309,53.10),(1388,356,38.78),(1388,379,38.74),(1389,242,29.16),(1389,346,29.86),(1389,408,22.44),(1389,422,32.78),(1389,458,27.98),(1390,240,29.72),(1390,286,42.45),(1390,379,24.65),(1390,402,52.39),(1390,444,36.07),(1391,251,47.77),(1391,421,51.73),(1391,425,28.81),(1391,434,48.22),(1391,462,28.69),(1392,377,40.46),(1392,405,43.81),(1393,248,23.81),(1393,400,25.71),(1394,265,37.66),(1394,345,38.82),(1394,387,39.88),(1394,427,21.87),(1394,431,47.19),(1394,469,47.36),(1396,226,51.58),(1396,249,22.93),(1396,293,20.06),(1396,315,38.71),(1396,346,19.83),(1396,470,21.57),(1397,246,39.96),(1397,248,52.98),(1397,378,30.94),(1397,407,21.00),(1397,424,43.58),(1398,203,28.67),(1398,208,50.65),(1398,219,38.79),(1398,328,42.40),(1398,341,37.00),(1399,309,38.83),(1399,461,43.03),(1401,216,29.48),(1401,269,44.03),(1401,339,42.70),(1401,436,51.46),(1402,226,22.21),(1402,401,42.78),(1403,310,50.48),(1403,402,25.32),(1403,421,42.47),(1403,424,51.01),(1403,464,50.20),(1405,312,34.81),(1405,339,37.83),(1405,370,30.71),(1405,378,21.08),(1406,229,51.51),(1406,332,21.96),(1406,335,25.54),(1407,208,49.78),(1407,270,36.17),(1407,392,39.14),(1407,414,40.90),(1408,204,46.53),(1408,233,32.07),(1408,267,47.44),(1408,329,19.94),(1408,453,39.55),(1411,216,22.45),(1411,219,27.56),(1411,285,47.65),(1411,335,45.82),(1412,260,25.63),(1412,261,29.28),(1413,275,51.07),(1413,289,39.52),(1413,312,30.62),(1414,322,20.81),(1414,342,49.15),(1414,375,43.38),(1414,384,31.32),(1414,417,26.12),(1414,421,38.92),(1415,253,22.41),(1415,292,48.49),(1415,390,51.38),(1417,301,30.21),(1417,444,25.96),(1419,326,21.13),(1419,329,26.12),(1420,263,27.37),(1420,377,45.51),(1420,444,22.51),(1420,472,50.32),(1421,291,21.03),(1421,333,39.26),(1421,352,44.23),(1421,370,28.22),(1421,416,49.35),(1421,472,25.05),(1422,303,51.77),(1422,358,37.71),(1423,213,43.71),(1423,436,43.67),(1424,206,45.88),(1424,227,37.71),(1424,266,29.56),(1425,217,37.67),(1425,233,39.67),(1425,289,21.72),(1425,389,42.65),(1425,449,39.98),(1425,464,41.40),(1426,215,37.86),(1426,401,52.15),(1428,432,36.46),(1429,233,30.86),(1429,251,30.81),(1429,264,22.54),(1429,311,24.73),(1429,443,36.27),(1430,110,41.70),(1430,318,27.58),(1430,343,23.41),(1430,407,49.19),(1430,453,31.83),(1430,474,50.31),(1431,229,21.45),(1431,255,37.76),(1431,282,28.40),(1431,336,48.61),(1431,347,36.46),(1431,365,44.96),(1432,223,44.75),(1432,272,36.77),(1432,282,32.03),(1432,368,28.69),(1432,458,28.37),(1433,280,45.67),(1433,424,44.56),(1436,373,35.48),(1436,476,50.33),(1439,230,27.90),(1439,276,41.18),(1440,241,31.88),(1440,327,22.34),(1440,418,39.19),(1440,437,32.04),(1440,445,45.84),(1441,216,33.76),(1441,245,39.63),(1442,271,42.82),(1442,293,35.94),(1444,264,29.12),(1444,287,43.38),(1445,283,42.02),(1445,334,19.13),(1445,427,34.87),(1445,434,28.72),(1446,379,42.45),(1446,402,19.83),(1449,271,50.79),(1449,449,41.65),(1450,262,26.55),(1450,338,28.50),(1450,354,28.23),(1450,359,42.51),(1450,457,38.84),(1451,204,35.77),(1451,218,31.62),(1451,400,42.75),(1451,433,29.66),(1452,365,23.58),(1452,470,42.22),(1454,435,44.51),(1455,234,50.29),(1455,263,25.80),(1455,334,47.89),(1455,343,53.45),(1455,470,36.34),(1456,230,23.44),(1456,249,30.46),(1456,366,21.77),(1456,371,40.43),(1456,419,38.56),(1456,446,30.95),(1458,253,41.85),(1458,360,31.08),(1460,331,40.25),(1460,364,21.78),(1461,202,34.39),(1461,247,52.42),(1461,278,34.96),(1461,321,33.53),(1462,228,48.27),(1462,259,46.66),(1462,327,32.26),(1462,411,32.49),(1464,298,25.74),(1464,409,25.49),(1464,430,24.24),(1464,469,36.96),(1465,383,48.12),(1466,226,30.16),(1466,264,37.52),(1466,265,52.91),(1466,266,44.86),(1466,358,34.34),(1466,397,22.75),(1468,268,24.09),(1468,305,38.29),(1468,311,21.05),(1468,332,52.10),(1468,365,44.05),(1468,367,30.20),(1469,110,45.44),(1469,223,38.65),(1469,240,37.93),(1469,299,19.70),(1470,234,29.08),(1470,352,25.38),(1471,202,22.81),(1471,230,25.18),(1471,446,30.47),(1473,251,37.50),(1473,253,35.90),(1473,271,48.01),(1473,329,44.20),(1474,383,22.15),(1474,425,25.42),(1475,228,27.98),(1475,275,34.35),(1475,321,52.88),(1476,232,43.98),(1476,255,52.79),(1478,401,44.39),(1478,457,53.71),(1480,209,47.83),(1480,439,34.43),(1481,291,32.97),(1481,326,43.06),(1483,240,39.95),(1483,322,44.71),(1483,338,32.06),(1483,362,24.98),(1483,396,24.62),(1483,406,38.77),(1484,204,20.50),(1484,251,34.65),(1485,276,46.31),(1485,333,29.87),(1485,450,51.35),(1486,210,27.46),(1486,292,39.03),(1487,419,37.46),(1487,432,50.13),(1488,243,30.12),(1488,293,53.94),(1488,350,37.56),(1489,311,47.84),(1489,468,41.66),(1490,200,32.15),(1490,239,29.61),(1490,270,40.68),(1490,337,50.76),(1490,401,41.99),(1490,433,33.34),(1491,113,22.63),(1491,226,35.33),(1492,200,27.43),(1492,254,24.87),(1492,313,53.23),(1492,327,32.25),(1492,355,21.64),(1492,400,50.67),(1494,226,48.81),(1494,256,22.22),(1494,304,20.95),(1494,364,23.97),(1494,409,50.67),(1494,467,27.70),(1495,219,34.29),(1495,242,52.87),(1495,307,22.47),(1495,380,28.87),(1495,441,47.01),(1496,269,21.55),(1496,441,25.98),(1498,206,48.29),(1498,282,50.66),(1498,308,19.43),(1498,402,31.18),(1499,217,50.49),(1499,420,35.61),(1500,206,33.70),(1500,212,29.77),(1500,241,27.27),(1500,365,43.37),(1500,378,39.54),(1500,405,32.69),(1501,254,47.47),(1501,377,33.34),(1501,390,32.19),(1501,432,51.79),(1501,450,27.54),(1503,113,41.79),(1503,213,29.65),(1505,263,38.00),(1505,327,21.11),(1505,331,38.30),(1505,385,28.39),(1505,397,21.50),(1507,257,45.97),(1507,386,47.54),(1508,310,49.55),(1508,397,42.81),(1508,446,21.09),(1508,474,34.22),(1509,225,24.48),(1509,296,52.17),(1509,332,35.92),(1509,341,22.99),(1509,414,22.49),(1509,467,24.48),(1510,426,44.77),(1510,441,21.80),(1511,277,41.01),(1511,448,19.62),(1512,113,34.32),(1512,281,19.80),(1513,361,48.65),(1513,440,42.35),(1513,451,46.64),(1513,474,33.25),(1514,345,35.08),(1514,418,22.67),(1516,259,33.29),(1516,364,34.81),(1516,429,43.00),(1518,382,29.77),(1518,465,29.50),(1519,400,25.63),(1519,445,35.16),(1520,221,31.42),(1520,224,45.62),(1520,394,44.45),(1520,470,52.54),(1521,295,44.78),(1521,415,21.54),(1521,449,26.30),(1521,470,53.66),(1522,226,22.46),(1522,233,24.37),(1522,275,49.49),(1522,297,27.94),(1522,402,20.17),(1523,315,47.67),(1523,413,41.34),(1524,340,51.92),(1524,426,37.67),(1525,330,44.05),(1525,412,42.67),(1525,438,27.19),(1526,212,44.99),(1526,278,43.99),(1527,209,45.93),(1527,216,22.27),(1527,403,31.23),(1527,436,30.41),(1529,321,50.11),(1529,450,51.63),(1530,242,48.43),(1530,455,31.91),(1531,401,32.62),(1531,426,33.58),(1532,400,25.41),(1535,451,42.39),(1536,210,37.18),(1536,266,51.84),(1536,350,32.68),(1536,354,19.19),(1537,220,29.28),(1537,476,21.08),(1538,319,50.45),(1538,462,46.25),(1541,324,20.28),(1541,377,36.37),(1543,435,29.23),(1543,443,32.98),(1545,273,24.16),(1545,326,43.10),(1545,327,51.72),(1545,331,42.91),(1545,343,19.00),(1545,431,33.79),(1546,349,22.60),(1546,412,32.70),(1548,331,47.47),(1548,346,21.17),(1549,321,53.84),(1549,352,27.58),(1549,414,48.62),(1550,315,49.34),(1550,379,35.47),(1551,432,43.88),(1552,274,51.87),(1552,325,35.62),(1552,339,52.59),(1552,412,50.12),(1552,451,40.97),(1552,475,35.51),(1553,358,46.65),(1553,441,49.83),(1555,266,36.14),(1555,295,23.54),(1556,221,53.00),(1556,261,37.82),(1557,363,49.09),(1557,388,39.67),(1558,212,40.04),(1558,220,45.92),(1558,292,21.85),(1558,337,46.01),(1558,442,49.78),(1559,230,43.87),(1559,246,21.41),(1559,376,40.01),(1559,398,31.12),(1560,110,23.01),(1561,271,25.74),(1561,377,26.47),(1562,261,44.75),(1562,403,28.83),(1563,291,29.50),(1563,338,31.54),(1564,290,24.16),(1564,296,31.50),(1564,390,33.89),(1564,451,45.97),(1564,475,38.90),(1565,113,27.45),(1565,310,47.94),(1566,212,27.19),(1566,243,35.84),(1566,325,43.62),(1566,375,27.04),(1566,423,41.34),(1567,281,53.94),(1567,366,47.65),(1569,243,34.85),(1569,317,43.92),(1569,401,37.12),(1570,247,19.61),(1570,467,52.13),(1571,322,29.30),(1571,392,31.95),(1572,229,20.95),(1572,241,43.93),(1575,368,51.94),(1575,426,49.22),(1576,267,50.55),(1576,316,53.20),(1576,326,25.35),(1576,377,25.19),(1576,418,42.13),(1576,450,53.14),(1577,248,52.94),(1577,279,34.72),(1579,241,39.45),(1579,271,25.46),(1579,388,27.60),(1579,404,20.89),(1579,471,49.85),(1581,202,25.85),(1581,221,32.41),(1581,285,44.57),(1581,298,51.03),(1581,299,24.83),(1581,421,27.61),(1582,112,53.97),(1582,271,40.72),(1582,318,30.29),(1582,392,41.02),(1582,411,46.21),(1582,442,42.24),(1583,257,53.55),(1583,279,39.96),(1583,307,44.77),(1583,383,23.89),(1583,421,42.41),(1583,436,39.37),(1584,203,31.91),(1584,259,30.20),(1584,324,40.36),(1584,357,22.18),(1584,411,40.85),(1584,453,48.69),(1585,241,53.45),(1585,321,21.05),(1586,368,27.35),(1586,376,39.77),(1587,221,25.86),(1587,398,30.67),(1589,213,52.01),(1589,224,50.96),(1589,297,44.80),(1590,200,26.33),(1590,328,39.81),(1590,469,28.19),(1591,394,23.66),(1591,416,50.57),(1592,337,36.78),(1592,383,49.50),(1592,433,21.77),(1593,275,39.04),(1593,313,36.40),(1593,413,47.45),(1593,436,31.12),(1593,440,50.18),(1593,453,53.51),(1596,207,46.39),(1596,475,34.81),(1597,301,44.58),(1597,376,43.21),(1597,387,42.67),(1597,461,38.26),(1598,303,24.76),(1598,349,33.62),(1598,453,38.94),(1598,471,29.77),(1599,287,26.93),(1599,291,48.80),(1599,294,43.72),(1599,329,47.31),(1599,351,23.83),(1600,303,23.73),(1600,474,28.96),(1601,268,34.79),(1601,290,37.56),(1602,271,31.10),(1602,274,39.80),(1602,344,27.80),(1602,417,47.90),(1602,445,26.71),(1603,213,48.02),(1603,216,21.53),(1603,241,29.92),(1603,262,48.87),(1603,349,28.73),(1604,218,49.24),(1604,369,47.88),(1606,269,36.44),(1606,281,49.19),(1606,463,50.65),(1607,208,33.13),(1607,277,48.14),(1607,346,52.56),(1607,372,23.96),(1607,375,21.29),(1607,454,36.44),(1608,304,38.06),(1608,328,48.41),(1609,216,46.66),(1609,391,52.92),(1611,301,44.43),(1611,407,32.51),(1611,434,30.52),(1611,444,32.19),(1611,462,36.56),(1613,221,22.30),(1613,235,34.71),(1613,275,36.28),(1613,356,43.00),(1613,425,25.51),(1613,464,42.08),(1614,206,27.21),(1614,219,33.28),(1614,236,50.65),(1614,317,20.59),(1614,391,40.22),(1614,450,42.17),(1615,210,49.97),(1615,294,24.64),(1615,299,31.64),(1615,310,33.11),(1615,356,42.58),(1616,203,50.02),(1616,278,49.87),(1616,404,41.55),(1616,430,38.71),(1617,283,48.69),(1617,380,41.03),(1618,202,40.75),(1618,304,37.03),(1618,340,43.91),(1618,453,19.46),(1620,408,30.05),(1620,410,34.93),(1620,433,26.49),(1621,331,47.32),(1621,363,21.81),(1621,397,32.34),(1621,420,27.56),(1621,456,43.40),(1621,459,50.55),(1622,228,32.95),(1622,267,22.64),(1623,243,20.94),(1623,433,36.50),(1625,203,39.68),(1625,356,52.97),(1625,388,27.84),(1625,451,50.52),(1627,331,39.00),(1627,394,49.28),(1628,401,37.76),(1628,443,49.39),(1629,239,32.88),(1629,318,41.05),(1630,416,36.96),(1630,458,26.05),(1631,231,37.08),(1631,290,33.62),(1631,377,37.34),(1634,285,42.47),(1634,298,32.21),(1634,450,42.73),(1635,202,52.27),(1636,234,49.33),(1636,350,24.75),(1637,213,34.20),(1637,223,43.63),(1637,364,36.12),(1638,207,41.66),(1638,247,51.39),(1638,257,30.41),(1638,364,47.58),(1638,394,21.96),(1638,402,25.32),(1640,241,29.17),(1640,290,38.11),(1640,398,49.06);
